mass,x,y,z,vx,vy,vz
0.002,0.5698585822176836,-2.1318637076692903,-0.49543019251543363,0.2453029340589648,-0.045383842541150195,0.14281418981232497
0.002,0.1419653049622515,-0.8376699244547202,-0.6341070044556227,-0.06053493879813936,0.5546890682565779,-0.20284442406956427
0.002,1.7349082448754207,-5.760248971142965,-0.30389700970997874,-0.02265393979837321,0.1210213233457194,-0.08670289453248614
0.002,0.21669169112050124,0.3082029360766971,-1.0611139139368846,0.018838732766820524,0.66776937310418,0.04097855589028252
0.002,1.1396643617365814,0.8512799865311944,2.2405288855203196,-0.09774261231661102,-0.5697723458530553,0.17736060958196798
0.002,-0.5166721661027622,0.22661056672959276,-0.6435740777603602,0.15906143619529126,0.13212151311267284,0.054098465132810324
0.002,-8.68773654173821e-05,-0.814671748215399,-0.12901106161305903,0.2855691517234696,-0.4259960492540864,0.05155782188433003
0.002,-0.030373040203975823,0.04732901821343493,0.30438614663709407,-0.3304556973615306,-0.9007234680147095,0.33934499320530304
0.002,0.05649639402001353,-0.4402696257753146,0.44658650150809415,-0.6937037608189539,-0.21205657054735225,0.05325416828388751
0.002,-0.5414316530006418,0.02046188947610491,-0.15036520965543532,-0.8195832786697596,-0.2753670070382277,-0.15348683165407495
0.002,-0.6544010992020797,-0.37911840182145684,0.04269809103364053,-0.49433750433742085,-0.5580120696626374,-0.017373077539408612
0.002,-0.10073821443095063,0.19502488002037965,-0.12334864752086881,-0.21240956618446588,-0.6859144988590727,0.34563635890042516
0.002,0.3394617611757285,1.0562492549978904,-0.4624726494361695,-0.17468943877296306,0.19721856991584027,-0.11482664969895441
0.002,-0.09943040501573659,0.001468325777730643,-0.2500784302080894,-0.23471148994653024,0.8198193458246444,0.25503616068400764
0.002,-0.051555835614228655,-0.5293057229826312,-0.14016471543102155,0.5777540718170165,0.28899189900635697,-0.2864928541891978
0.002,0.6159051342057309,-0.5932001760645254,0.02110409364717799,0.3925223604270377,0.2678988594658174,0.8985053913940233
0.002,0.08305094501824574,-0.1896766264979558,-0.8440784992156455,-0.8439222594759916,-0.04333079486440129,0.19003959772185855
0.002,-0.10621821134073318,0.5171584792133087,0.10363081822835807,-0.737009123358746,0.5122669635063415,-0.3169354321309051
0.002,-0.10394343770836552,-1.1935579484583982,-0.05933699568067503,-0.5532807644789756,0.08457051136581543,0.3490819529635644
0.002,-0.58266268759696,1.939632558852615,-1.2048885210312665,0.02714479318687203,0.011695352370693062,-0.3255006859958389
0.002,-0.17793246420446251,-0.17625947160652744,0.4488000912033968,0.16184885452901357,0.9302404578618803,0.33984703519275966
0.002,0.600892517255457,0.5415833236945758,-0.9341893923031098,-0.5092052933616971,-0.1488771342122005,0.09149463956877203
0.002,-0.33700920362592424,0.46842821404643803,0.25924921773712317,0.2634302254468892,-0.40446031874452815,0.6139018938410079
0.002,0.8594288767724385,1.6208197871145718,0.8133092131428418,0.45743430843957117,-0.23509632613248027,0.42169852801832597
0.002,-0.2045984131113617,0.48585052309710025,-0.18444882664481319,-0.24898384002676574,-1.2126978710121854,-0.7407280596661506
0.002,1.0557270930825717,1.135439664090909,-1.0582618173570923,0.23322637749875652,0.311694682040573,-0.2541696282899298
0.002,-0.12388218005226374,0.43885545778399104,0.13099154879640554,-0.5174164202013743,0.3385044653436149,0.037090365733460307
0.002,0.17997112567006845,0.0920055034027737,0.5304127508240976,-0.43962055785222065,0.21369210473743622,0.5982994197480895
0.002,0.1884749296774062,-0.1965828225713063,-0.7648204981803176,-0.06423350352098817,-0.09462745839219182,-0.19423154118616878
0.002,0.3399847431013584,-0.3586820832411167,-0.7222735993080884,-0.1139859415328416,0.29375369288139125,0.35958407004193793
0.002,-0.29303407949706956,-0.3956194452459164,-0.08558951550203175,-0.09313414767227574,0.7041421488217104,0.20517475415723438
0.002,0.7770348068650351,-0.039108266492033736,-0.42018531918018026,-0.3156005513569522,1.0540155851561452,-0.13970943081775367
0.002,0.4066643485755067,0.28718134110913224,-0.6852141271827257,0.12303906547583886,-0.16392600081283143,-0.8167378455524911
0.002,-0.20640752571265075,0.33001913939762373,1.056376527650994,0.44602412464942415,0.44448006560946085,0.3579344688742386
0.002,-1.4927237083762592,-0.021978888778385487,0.5849451879284233,0.197680136484811,-0.034447707348736055,0.5695768330384819
0.002,-0.5095135687751563,1.3667364885230142,-0.8948312723107746,-0.45574739856556873,-0.12605158085789794,0.26999668693542345
0.002,0.2211141262826274,0.4123235296520952,0.15365348283656577,0.9424125549782069,0.3195970467691038,-0.5518538128137978
0.002,-0.13229473363436467,-0.26303357929181387,0.46358642102920256,-0.12868213880646834,-0.8679657810203467,-0.24540722760108236
0.002,-0.6322312358286214,0.026400630165669216,-0.26259216992381557,0.034643072855834615,-0.04264132983142862,0.5016361014971098
0.002,-0.4164753513988666,0.12244068287670695,-0.11873354601770567,0.1950251068487564,-0.18463422315141167,0.8964308289172896
0.002,0.5958637243658154,0.4329689642150052,0.2262729969027594,0.13478129897664348,-0.10660308437951826,0.6880602563938801
0.002,-0.4212167575393855,0.6150604058836111,-0.5347686851200564,0.27118019244411434,0.7509434323970978,-0.45784222285387643
0.002,-0.5989936780708752,-0.3656792985671981,-0.162407874140811,0.10982735645681113,1.0031623814271817,0.32136513448151216
0.002,0.5219767670964267,-0.28415057148037226,0.31350813682403256,0.21519586800407248,0.5377583419676689,-0.5258807868076414
0.002,-0.3963650280759325,-0.03240745660833351,-1.3297458129368636,0.15169158181811163,-0.3043867419261392,0.28781255610070383
0.002,0.015132608058613831,-0.25100937529927936,-0.6382326159348539,-0.3667142193472307,0.47731156996844815,0.07857613033075722
0.002,0.4949735299121868,0.06723705852516812,-0.04869004471888406,0.38215734628068954,-0.2932543189328221,-0.07649164588244894
0.002,-1.4152620335053456,0.7909296888316779,0.8983900527675766,-0.5154311897204362,-0.24206863876767767,-0.09631744168759523
0.002,0.024620372460435747,-0.8639786143159954,0.5266497668234725,0.015062313805372733,0.312306664281236,-0.27370104436387616
0.002,-0.05728609469311036,0.1417561329717777,0.5286667697886175,-0.34245272619325734,-0.288512297634008,-0.07052096943709894
0.002,-0.8502064474679987,-0.20374983615603343,0.6082371832249821,-0.10614809230833751,-0.02374906348275521,0.7610056863499489
0.002,1.3911007121713101,1.3873446655727875,-0.34596603440004253,-0.3015516298379269,-0.13988095213338264,-0.3227837714754268
0.002,0.6915765675216934,-0.04541039377892326,-0.17789209124906621,-0.23972254818167674,-0.5665079419298028,-0.2611662254935052
0.002,0.28557834349977174,-0.271674597793495,0.4067863284441014,0.3779256559480142,-0.7576949956468448,0.47119915459907524
0.002,-1.3619218847553192,-0.32544824041378817,-0.13181280774069634,-0.08335739304676272,-0.19748875448815423,-0.45668659259421834
0.002,-0.005008275397943416,0.25119975602798306,-0.32321214087820804,0.5748508787636505,0.531852900757678,0.8929842101328362
0.002,0.1671862957221807,-0.23477623744357132,-0.4534461897386886,0.26438985344238336,0.02486231666205102,-0.6513812447261391
0.002,-0.0028769784271922855,-0.23014829968245484,-0.3847309926533653,-0.3047012614362059,0.11749695422371186,-0.24280166574606477
0.002,0.1484897473570381,-0.13732031937933825,0.14137623520422626,0.9355191968158204,0.30021567538271976,-0.8871773583222672
0.002,0.4697864883702076,0.0332872266513481,0.821752451660937,-0.17526902676809672,-0.32324359144748965,0.3035860357177851
0.002,-0.2638391552456638,0.3726182560344707,-0.44639923820587235,-0.173002222130982,0.03752644704764741,-0.46013644349996313
0.002,0.3398813367107,-0.2386849946034213,-0.10205030040750354,-0.11417696840983883,0.29533851405939765,0.23409468198393682
0.002,1.219921689378437,-1.4490591224594873,-0.5385601586556807,0.41327445439499483,0.32855639444529977,0.33123518574007166
0.002,0.7302313908637682,0.681429216701164,0.24366757244275414,0.06662260217060043,0.14781669499673872,0.5814492870275817
0.002,-2.8112020484503395,-0.15046860039802343,0.5394947968214812,0.05379013545539487,0.4462293755389022,-0.2276187764710718
0.002,0.4240684109740937,-0.18326195548590463,2.18434862766047,0.35984072931444633,0.06399667631182938,0.10269755127812219
0.002,-1.8153452319461263,-1.285611479013638,1.186811896745725,-0.5632970642031131,0.10932948931583514,0.036028779254848244
0.002,-1.555890226952956,0.40887486071311585,0.20537088278424925,0.23486222640827845,0.19680646550711517,0.129015217310592
0.002,-0.36792459573488256,0.0983080957964699,0.01737717141023127,-0.3320913488369873,-1.363243020067977,-0.05858978031932406
0.002,0.018884189189135987,-0.24913839591062453,0.35677851921154685,-0.46829846756226756,-0.34968313774528664,0.3662206209584703
0.002,-0.6188513705937772,0.6160980956810719,0.02472125439884736,-0.6001527061942686,-0.23036483792251278,-0.17222310108083344
0.002,1.411277587804315,0.3993789693309959,-2.059114075351977,-0.03636715572801086,-0.27642473840012743,-0.0315260907192495
0.002,0.3647045151294378,0.8076109971886505,0.6599251027688459,-0.21456981385962534,0.32397465069823284,-0.4710917578604975
0.002,-0.2760825236228181,0.031279935372928065,0.2552330706051987,0.45267610229774974,0.011686766903638623,-0.1689839064836691
0.002,0.4367940585633293,0.054717195227451804,0.6402281907179549,0.5761329321527363,0.3078561016233805,0.44115102667659234
0.002,0.3883112497029862,1.6591881606171248,1.0810732002074528,-0.17421772085151288,-0.6226982096092625,-0.1532223873767471
0.002,-0.28493785093106555,-0.05586511202556415,-0.009558054951778763,0.058569496405121296,-0.8944729035600893,0.69458318427998
0.002,0.24016798812689424,-0.04963073764960537,0.03173470436820062,-0.04012302198901128,-0.9247756331760069,-0.4481532771428503
0.002,0.4094435861461828,-0.7352289867110373,0.4138930664593659,-0.356271443416141,0.5350464045767561,-0.34385440634092534
0.002,1.3234163914565054,0.4292315029869162,-1.1255130305713643,0.2233735422454419,-0.014411160258782547,0.1970482022435922
0.002,-0.176106068110192,3.481329434552931,1.8757521745637038,0.19336973175673208,-0.03392805312797343,0.18742758483555544
0.002,0.31198301477470314,0.21788096972409468,-0.1479419978356931,-0.5847169270618491,0.10511147763275146,-0.43006927591034316
0.002,-0.11157723605488125,-0.4366044349055776,-0.5339406296058985,-0.1390425809143171,-0.4416308513007453,0.2910994934829119
0.002,0.381812668536701,-0.2077835779691564,-0.20881002457483447,0.09333429466161772,0.3293532193477723,-0.0647986936052167
0.002,-0.728802518442779,-0.42029795875622256,0.21554568777994335,-0.5632082766475126,0.2659999249134507,-0.21414287063670495
0.002,-0.2819263708119693,0.39011548050225187,-0.39532569976096105,-0.01516892695884071,0.3968458491390014,0.597295631452884
0.002,-0.3672248738728392,0.5187527118351564,0.34509267102910124,-0.48703324164541595,-0.20945829197637983,0.3946702914421034
0.002,1.2457163123464,-0.9934969250113852,0.7252910822824576,-0.29591308121592985,0.03682177456054603,0.11622381286904603
0.002,-0.26233635959659474,-0.2860459092949737,0.3904912339014032,-0.3231625637186542,0.40975062924186667,0.449300280172599
0.002,0.6324392471201048,-0.8470925572273804,-0.1263153816427999,0.43440211908207177,-0.22553125630188475,0.10391878031631066
0.002,-0.31989685028587656,0.37194648262438107,0.27567994911320925,0.45917153462015253,-0.09399964720719597,-0.8213553141631246
0.002,-0.9349725619770166,0.16460759742504244,-0.14440615866907056,-0.1015102830186433,-0.28825823331457895,-0.16432461356760097
0.002,0.06480586058678897,0.3575508155132975,0.2547723648192449,-0.5165813046322166,0.41449768514953683,-0.31611362209217025
0.002,0.09513604108130175,-0.3014214717692592,-0.11317602101031543,-0.372842938284281,-0.9074370732433504,0.31455627306056566
0.002,-0.16124742244533324,-0.578525491409526,-0.30349663293525875,-0.1508694128716337,0.1524643090622806,0.49623204516262154
0.002,-0.1618095628640257,0.1745692512367829,0.046828843424552416,0.24238324118700172,-0.25599196166327337,-0.040583781762612466
0.002,-0.9978708030147508,-0.15384464805554288,0.6045577909924055,-0.3307805922930583,-0.36650656481692534,0.12179745650548424
0.002,0.44270740450391144,-1.321128527958049,-0.021294686325893274,-0.12146576277438507,-0.25646596516750014,-0.6463623449714726
0.002,0.7710403796113066,0.5622279219934581,-0.6776850119382369,-0.5262841991227305,-0.5758401763681588,-0.08299658130418043
0.002,1.383297335942825,0.9344947426769131,1.805349490663031,-0.2760496048540682,0.40036653109447023,-0.1787116368106947
0.002,-0.11123502087139779,-0.8935165910503903,0.31284774299452,-0.34834257066304886,-0.5064172178192878,0.4092387677079352
0.002,-0.41312576473535845,-0.07539409699115766,-0.9504825692781546,0.4769895534105988,0.4172138238519616,-0.15048373762593348
0.002,-0.03151777610206519,-0.2939588532981565,0.5315549919333588,-0.1542994184044833,-0.2771041569004146,0.016712213818529758
0.002,0.5864034528613692,-0.4221215108758866,-0.8843555817296227,-0.7116980946459265,0.2568745909574896,-0.45984817478452505
0.002,0.38170654806137727,0.30700222353408013,0.24284308075142325,0.4737334619845338,-0.10875477294425188,-0.8059053392861735
0.002,0.1649938066139225,0.38735767538924526,-0.3671204161411737,0.47093246415893053,-0.11142625739169018,-0.6428030630111734
0.002,0.01878753285804566,0.12828435773040123,-0.076268120889393,-0.6638470099278682,-0.6643019422941476,0.21796452074972864
0.002,0.5118142483265383,0.22806802931540368,-0.46941798944069263,0.36845858350585803,-0.4989630429403537,0.02682782082770111
0.002,0.1124878778977018,0.21971596923218842,0.2030594069974254,1.1900547796976855,-0.5292081525173633,-0.31629112368491685
0.002,-0.6056662425173395,0.38137921089830906,1.097227062374107,-0.32241818375854187,-0.2589050093959191,0.35861081396505307
0.002,0.07286336580482183,-0.17755738062706533,-0.5156452030990858,0.3732741369310138,0.15522499390569616,-0.8743032032758528
0.002,-0.7690612709220878,-0.48183387557065693,-0.5451062853586052,0.0866787294576895,0.015003610623505186,-0.5342796093893782
0.002,-0.3514815198575895,-0.14287861199488613,0.032243342261961586,0.25511936362885146,-0.04583323694088235,-0.7573194900625982
0.002,-1.3390616743752703,-0.9431696996948967,0.01623100267717205,-0.6090754784226492,0.24002719691893587,-0.4000491386806695
0.002,-0.03496001363468715,0.5813840732491247,0.2065726568602346,0.12755191777434388,-0.4926112640925576,-0.1377362140663769
0.002,-0.08129527533356401,-0.012781846622858835,-0.9845192009853457,0.4045001149550384,-0.16730210656713884,-0.15199588624424484
0.002,-0.692141054857285,-0.017119063053753443,-0.34503035952471317,0.020286903650882003,-0.3765221805184658,-0.014540841512489048
0.002,-1.2912439933980961,-0.17441688976698766,-0.5921941912828123,-0.1918364541594828,-0.44781730991903373,0.5145018007837392
0.002,0.8776116444281292,-0.0480008761494933,-0.01976830697543383,-0.79756437234201,-0.4831227525369143,-0.751379342175771
0.002,0.34694504453496194,-0.2679149256363899,-0.03335135993102735,0.310746047367739,0.5354295548463897,-0.0036292737714249007
0.002,0.2890617463764487,-0.09457254116326241,-0.09595254418289306,-0.11619562179321279,0.26973700222367536,-0.24648632488224664
0.002,0.16888203936713317,-1.2107865320494422,0.35894336417306133,-0.18286652761640895,-0.5452789003328784,-0.6809349086864201
0.002,0.2263763929404856,-0.27607097227182237,-0.8565376181774226,0.21404920361574317,-0.1831009169772862,-0.19655015432811945
0.002,4.0604499466846,2.6500604984153293,1.747398802899972,-0.12676785779973637,0.03804166972228143,0.07383612414836682
0.002,0.8748522294464319,1.0457537134336519,-1.0451679305876407,-0.22773017092423498,0.21722954080369344,-0.5861827902832467
0.002,0.05783666731067219,-0.004961934096217342,-0.07681941286005504,0.28884226929829837,-0.12073509809325557,0.8293026821630249
0.002,-1.1733174863061988,-0.04697809873504867,-0.49203506691976706,-0.5718120305154187,0.07505283166654951,0.024327155238943556
0.002,-1.6348179907925457,-3.646549837167061,-1.3276415686373304,-0.15539561446905226,-0.0399271735406372,-0.10588127925932778
0.002,-0.19204735012832114,-0.2570053996713095,-0.32564615428614946,0.2962379091907362,0.3108105110819867,-0.7375050212174027
0.002,1.9069159102799733,0.46037121514588625,-2.085602404482989,0.019066474849474394,-0.0522613881911052,0.013394219003263352
0.002,-0.22703030631993368,0.5916457327318024,0.022080701792497534,-0.011676963812282849,0.046226412839631456,-0.020256837015212043
0.002,0.18252611265045637,0.9480136294532787,1.0829629276569692,0.6850144295811306,0.07757239446758134,-0.11422083393456985
0.002,0.7314196577002509,-0.6310283349843214,0.1665435028491095,-0.11116277104040642,-0.8207627032556766,0.10604675013010671
0.002,0.23763397559497199,-0.6713085339844854,0.1578483832850441,-0.5487442265173487,-0.4102937574405825,0.41397133391063284
0.002,-0.24577395794028142,0.3060256397768883,-0.2277295809301015,-0.2987841663162762,0.3703034463848997,-0.12480818249510357
0.002,-0.9118267270069798,0.3815848244542752,-0.015389151311597226,0.5253700804345165,0.1172626455940989,-0.27904644292085895
0.002,-0.6940346854822623,0.512190578063644,-0.6705487497228405,-0.48537972665707096,0.7241146955888617,-0.12949391429318263
0.002,-0.5995568726784893,0.20966263846959257,0.8866229985157555,-0.35748074497638116,-0.5264136903613229,0.7450895544138771
0.002,0.15723349179457208,-0.2726481808137286,0.40957805221681354,-0.6907893939162242,0.3287445867514715,-0.33548073598672123
0.002,0.4034729169683595,0.2003187812484173,-0.14104964784305019,0.42656412361875323,0.012965528947308654,0.9694074218046719
0.002,-0.3225520790837891,0.04508753081289735,-0.11998874064310008,0.1709671424708638,0.0613326819004999,0.11525456039950593
0.002,-5.27955524157638,1.9223459531812928,-6.966999186662064,0.02598933030476176,-0.0003258426088627845,0.12688460901530962
0.002,-0.8961433181985967,-0.473843210265608,0.1905987163099982,-0.1403495851960482,-0.34760489391648863,-0.15229431693992823
0.002,1.5236749769379232,1.1105135489351392,-1.794186578548411,-0.190355968647364,0.23497760614000848,-0.03382840574952965
0.002,0.9564397762983157,0.5029679885326315,-0.9459237720338344,0.19215009921185425,0.02199127256667232,0.7345035996031244
0.002,-1.038527443833082,0.602315192856642,0.1734127444926625,0.014191933819185152,-0.18015422262715464,-0.5974680830570099
0.002,-0.10345701389789473,-0.042000849620240664,-0.08286885299661155,0.02091707957083998,0.3053584771813837,-0.08390532526075586
0.002,0.02741534326973775,0.21264117218793208,-0.7889115712475233,-0.5732487327321191,0.5168705474769729,0.634669134879328
0.002,-0.42786408713070484,-0.3733619469089005,0.15364938962339744,-0.44727388843064536,-0.1259956072349806,0.413936385256547
0.002,-0.554834957415226,0.7051176393979677,0.8225592503643392,0.7586312499488634,-0.09746282748617502,-0.42073623505682795
0.002,0.12415646514768751,0.6481868420819437,-0.024098494504042802,-0.5541857407002643,0.7782733066823715,0.3411996966560052
0.002,-0.13642306133003398,-0.19532823889588208,0.3256295434964009,-0.005555509336254356,0.31502708779202243,0.6801913574178284
0.002,-0.14607480019448196,0.10079426170827792,-0.07193744832290103,-0.3004466358285797,-0.306208790317472,-0.5429237448041604
0.002,-4.516985965045316,0.9464030167795764,0.21147396151622885,0.1279857947731216,-0.18662503232185604,0.05373462937504244
0.002,-0.041749694768160185,0.2794404308218583,0.5091316134606579,0.5431104400365296,-0.6802319917128583,-0.012438500767220225
0.002,-0.4575824725065897,0.15082220099504695,0.35587989266678877,0.029772609818891613,0.10436058523614448,0.13379452119489132
0.002,-0.1481599065096023,0.07844829487588874,0.45406607968758506,0.023419478731083264,-0.007916409816125482,-1.0309064656725218
0.002,0.2805341654315325,0.8216039615513522,-0.008275060597977371,0.14549386305215004,0.7350151399762465,-0.23847986469156884
0.002,-1.0062025401774886,-2.9214637768318528,-3.2274934870149865,-0.028488330280451786,0.06249012112647524,-0.14310774614161717
0.002,-0.4289779464763409,0.2850298867630076,-0.04827089655021443,-0.4322314331048233,-0.2903105888675615,0.18557840850137503
0.002,-0.6773270800206054,-0.005195981487571898,-0.0715492020789969,-0.5919903780128679,-0.5165726920842583,-0.20449002320158902
0.002,-0.5388346888783253,-1.1328360716147756,0.8346015909641369,0.21649414119839022,-0.35702053203777945,-0.1368082773419798
0.002,0.04341522431639194,-0.1632998941929342,0.20457840674434105,-0.2771908554239126,0.2793784260910609,0.4645031333195285
0.002,-0.16322015134443266,-0.03331417967042453,-0.0035741536607393825,-0.41317925087464846,-0.2804423677659648,-0.10291436646678685
0.002,-0.03911678597556218,-1.1650521423872737,-0.2710289326308556,-0.15923400863686207,-0.7905033397590772,0.6515436692798691
0.002,-0.13817783202661402,-0.5251988737936268,-0.8608709824642565,0.05317273750201781,-0.3107659294451779,-0.7732344587541882
0.002,-0.3890763789666698,-0.007659731337484874,1.0062750456984875,-0.006476655355747902,0.537750407737256,-0.043026469360652984
0.002,6.184660069691079,3.051831471743895,-1.5992528945112756,-0.2591428645423656,-0.23960405549522892,0.12095613062119213
0.002,-0.3295760871186856,0.11970960437943404,-0.5189412519670273,0.6349434351671469,-0.42553183500439024,-0.10270910272079252
0.002,0.25911413385227167,0.6498321209938658,-0.3495976548036982,0.18682926430156593,-0.6164476210072948,0.17092999275325738
0.002,0.2640473667485189,-0.5762259930544001,-0.01160717461626102,0.7844146521104184,0.07134064797087411,0.6137800564122965
0.002,-0.07186095670373012,1.677046947005842,-5.115144261432196,-0.0027944195709306368,0.13312640855335048,0.18996218999349487
0.002,0.538689607623441,-0.30626933140092605,0.408531099237959,-0.03409393726413349,-0.827194661175027,0.02041641594488908
0.002,0.41230187249726724,0.41502363285905863,-0.4672197935301867,0.6074202211432373,-0.002000238190100778,-0.7224214717801338
0.002,-0.142754414654652,-0.057160741437662595,0.05085019211184678,-0.4798704748104027,1.176387231563374,-0.31259780295557227
0.002,1.185975603628418,0.21369487802411213,0.3268291570210379,0.214592826138017,0.5297050958662177,-0.34099426140366357
0.002,-1.5554043766334376,1.3616573668318652,1.4793603686077572,-0.2583434734603036,0.28638038061994925,-0.27436930011883487
0.002,0.17123779826320157,0.31990993027641773,-0.42264565036147095,-0.46749156860040775,0.02729659723319511,-0.33504646547875755
0.002,-0.40396440491628716,-0.1578529828445161,0.7905598145953817,0.19901869389722143,0.009587701996313197,-0.5382474458000791
0.002,0.1573123942088323,-0.21772831826101116,0.5044312665917506,-0.9370251795673407,0.19593028848280358,-0.35400242944049165
0.002,-0.07405228605158333,-0.4695842896391561,0.01941689283875786,-0.19072648969196937,0.6175225559432319,-0.5962107070799639
0.002,-0.2070475599137455,-0.36744166656049665,-0.30847056188061206,-0.4211746015112645,-1.0763126386916886,-0.2113511242831273
0.002,-0.026665144221558926,-0.06750486872434827,0.04099619316286463,-0.14843255704556882,0.049871943767759275,-0.19544413207516284
0.002,0.25375301746861023,-0.5125712255917944,0.4469916733962646,-0.5601928990971161,0.028905054785346787,0.5218842233890053
0.002,0.9580587814714117,0.55253300128448,-0.38316298702654694,-0.2974890344843833,0.05667729386892727,-0.01185980606599775
0.002,-0.26499793189379306,-0.02696553706741481,0.2005224087799106,-0.6018137869297661,-0.1568188979601261,0.8875101818762323
0.002,-0.7432867262264169,-0.5344412157818063,-0.4221866186706346,-0.574759267389483,0.06791186579559949,0.3060503672537137
0.002,-0.17844432790512313,0.5191833269925388,0.15941334049774392,-0.19704422638693816,-0.7206936233264237,-0.374129971481747
0.002,-0.6209785724301399,0.017461667744532172,2.8404206963762997,-0.083902301554917,-0.06699316235884281,-0.03500753190985153
0.002,0.0027020365459196954,0.17814700791997756,0.07857992077924025,1.0397876330803544,0.20067913950422278,0.3125595388514111
0.002,0.17982625477498618,-0.2747886357445357,-0.1534979617622373,-0.09531924150992785,-0.6902392420629486,-0.5710439299822551
0.002,0.3025776678177817,-0.223721849978813,0.2261247096929961,-0.4115089526937111,-0.4105036387284526,-0.8896026065747744
0.002,0.6591033221757219,0.2783615647732303,0.4234820073309737,0.2635447770755566,-0.3475215537972245,0.6256751856768746
0.002,-1.3878891229248094,-0.2278736035636992,-0.31622634563258634,0.0037756270296248427,0.02964571686325991,-0.1115860348191269
0.002,-0.17752451091401716,-0.12559951026815155,-0.5930832655739076,-0.025311934173066788,-0.0672273011883152,0.30272770171769003
0.002,-0.2608487532268472,0.40135055601533276,-0.13915090379180817,0.0942346920699103,0.2856271209325905,0.3382082833037992
0.002,-0.005120244877929511,-0.3099098332663729,-0.23306555445254606,-0.4009897580424019,-0.024408802057579043,0.3261478088639559
0.002,0.505732043998429,-0.11560465520022377,-0.11072337553673674,-0.49915653411494093,0.13634552816281614,0.020310152258063954
0.002,0.3042020679254915,-1.321154018623997,-0.029783077073974998,-0.02803471051910992,0.36588920625998195,0.33041992305728374
0.002,0.7546942201205554,-0.19225346148634362,-0.16802412234197558,-0.24002442527425688,-0.2408307128774321,0.4592218351769106
0.002,-1.9503715609726309,0.4571987021926752,2.439391866320131,0.39222120642440317,0.07826532628474908,0.13334459865688247
0.002,0.4269554491465264,-0.0936236561142253,-0.12347894284902983,-0.11520699554478878,-0.4362402662605153,-0.11986087150827716
0.002,-0.4247290229176672,0.020256625662516167,-0.22553456627992713,-0.30563624571121917,-0.11247052625567797,0.7374349695198564
0.002,2.3838823483107436,6.689725547254307,2.5725860354059886,0.15604910774777905,0.0807926518929832,0.051448133472793665
0.002,0.14595991615347434,0.4779958458538351,0.6091228022554142,-0.6602391387565487,-0.3537463899191995,-0.7838066777083647
0.002,0.40807719506882906,-0.013350499924468054,-0.18776670772335155,-0.6416782412889,0.1998305315281905,-0.5520818048690483
0.002,-0.06594698803330686,0.10848763343644749,-0.3276579672503322,0.42610605942218244,-0.27289675374516514,0.4313882630751158
0.002,-0.01912942032571064,0.00711592557622849,-0.0592301838023132,-0.029288614998171123,-0.16576575988923006,-0.8246500521989465
0.002,-0.7289952678780145,-0.6558077337821856,0.10937053745266781,-0.13484667519797194,0.08143460793262268,0.4046913203001152
0.002,0.1125865415608648,1.370103928249939,-0.9392211091329062,0.10895340102322383,-0.1740947004193114,0.20112400808481487
0.002,-0.7077929982924168,-0.5428333811918344,0.7346280398917525,-0.5435028035050595,-0.3270103737847516,0.09433946062647218
0.002,-0.17159156165747394,0.06305467146480197,0.08448516840472799,0.6617059584195677,0.41208116044578147,-0.24655747637379652
0.002,-0.05461786918666967,0.12252756617452888,-0.3707846643876158,-0.015143424116338206,-0.7493478864803966,0.5691552620550987
0.002,0.15922174141937595,-0.13669730458760088,0.09617496198644138,0.553545468549039,0.14550854206228028,-0.2577340111205333
0.002,-0.17762383676809457,0.11130814981101275,0.30773314586990147,0.46343719397596506,-0.008071314820422334,1.0361643308967492
0.002,0.14908013067738418,-0.17620067252344565,0.033540773140148396,0.5509782762119196,0.7767473698183129,-0.36737291583259124
0.002,-0.10111982295933347,-0.00995631176143526,1.2124132404488908,-0.39146938029946055,-0.19405248029315447,0.2251467691102519
0.002,0.9225647173977845,0.4249421942175273,0.8467118959299761,-0.30481553755097057,0.15466069650101924,0.14900714574258092
0.002,-0.22789829766366979,-0.05964184466562719,-0.1323086865890743,0.5542648854599396,-0.20441311213457558,0.03646284637543826
0.002,-0.625210758695224,1.2884992678607727,0.7659122678606597,-0.4693097862977293,-0.15415492941478395,-0.2462553478901578
0.002,0.4501858548413104,-0.7910979189631541,-0.21602712935776786,-0.22293250174932983,-0.007041465537585542,-0.3478803037035499
0.002,-0.3341442805810096,-1.4765995462559798,-0.819358919016827,-0.5217523188800799,-0.47646673200726286,0.014356778855364826
0.002,0.2967588916433031,0.14652367838105534,0.4257434610044429,0.08634031377482525,0.9806715409133835,-0.32275552371111826
0.002,1.605947083353365,0.6505714097594332,-2.5673359027772693,0.14935262534006954,0.1580853266861876,0.028690117177367018
0.002,0.16749777576096875,-0.12045009587744489,-0.0455962280715256,0.4868300427792186,0.14305161570977865,-0.3898392761217035
0.002,-0.6691353360737274,-0.434696833290744,-0.3016747262130893,0.38508875281361693,-0.018418571757545785,0.1601694382731868
0.002,0.017338537772191878,-0.03900191442051351,0.19544842051113073,0.4670398445361246,0.14883645003358167,-0.9522117861590734
0.002,-2.048342229690715,-3.24758526598062,-0.1902264036769264,-0.0818433553182077,0.07051556159445799,0.20950047105669942
0.002,0.31120071405992905,0.9082197949233369,-0.37436308830172904,0.38993443173283504,-0.402405181687957,-0.1636286279960425
0.002,-1.4677512488017532,-0.34224937545363837,0.3386559327463221,-0.32601741259252814,0.10834927302325992,0.2205597456496358
0.002,-0.0854615429122149,-0.10140530524604195,0.2000235189075198,-0.7925187533212779,-0.416111865442104,0.02652247263253951
0.002,0.14898247626207406,0.6335382065311163,-0.17710144225757063,-0.476600381055281,-0.16081303081372816,-0.17502416411063615
0.002,0.5502475104810184,-1.0366124241043457,0.0987438169624287,0.7717458942018558,-0.009013794681097018,-0.5740642729597553
0.002,-0.2109448500450154,0.0026683841443922566,0.22798862880429044,-0.13656434604054038,-0.06697154629615486,0.9691455260515358
0.002,0.06549355429954459,-0.174743237474512,-0.5419881617580883,-0.3908874294743788,0.31077918592667225,1.298983983194765
0.002,0.9751548661012635,-0.41330990893225417,0.886271995294308,0.1418899458758601,0.4086619007135286,-0.5584408040454648
0.002,0.7231817571084374,-0.21865271683102253,0.5691591301077227,0.24910726508234668,0.1730431953451595,-0.160177986816807
0.002,-0.34158124427449255,-0.05704603965050946,0.2504350460151423,-0.15624493321877084,-0.24941198013358057,-0.22901315476308876
0.002,-0.6168948701707927,-0.06277716937561865,0.03887590062063652,0.550677654608208,-0.6394381577278948,0.6985998669741801
0.002,0.7158556491372876,-1.741649201341071,1.7557264130396526,-0.18403222149477685,-0.41382723355993134,0.4173517887384598
0.002,-0.8670811275692927,-0.2992915891655826,-0.0005786890648299141,0.26069403307950406,0.35246643479485834,-0.14726316209508408
0.002,0.16082514074284152,0.002557793926241263,0.3689393431937513,-0.31408690981185144,-0.1180227932914915,-0.023856282396539648
0.002,-0.5274576113136494,-0.03820960644940529,-0.08566764428034301,0.06436947228630016,-0.20170689049769258,0.5686787422540848
0.002,0.7342588078038371,0.29125478845476543,0.031784338928878955,0.42540571441862457,-0.8864313755821202,-0.02754264687581888
0.002,1.4696309391921716,-1.4992719578860043,1.0570578448248715,-0.01061031014041877,-0.041759549964356144,0.20730041310010122
0.002,0.05768386752158069,0.0023162115357497513,0.3339592110307876,0.21967961481034343,0.8338097489837901,0.9173066666203448
0.002,-0.2579236663375004,0.2922859081594352,0.8565501931000888,0.2889097891396335,-0.002338869844496978,0.3521617574324051
0.002,0.2957035981197291,-0.09661917597616607,-0.45307940846585737,0.1571566169864915,-0.6714471689053426,0.05345788954160377
0.002,2.062603622583442,0.9818854112190418,-1.1704531763346269,-0.37759009598456456,0.13930882883677584,0.002045816781522637
0.002,0.35138601943176234,-0.03780674376073385,0.004890409026631607,0.42479372400216603,-0.6458419725532636,1.1192999091010398
0.002,-0.03138789868955585,-0.1811452198974266,0.053417977024390086,0.13177810013723562,-0.9623507733916377,-0.5587703376988601
0.002,0.36615190371741957,0.004949258338478019,-0.3597470015291747,-0.9128188837817086,-0.04936789806587034,-0.5056317986636952
0.002,-0.14935610724563966,-0.4581773254793968,0.3396389444988542,-0.5884778211879326,-0.21377874766247523,-0.021745843644094258
0.002,-0.1147169290442634,-0.4769081806107882,0.59670651879713,-0.8602905053651565,-0.2519930043283869,0.013177532748424935
0.002,0.036599088087027956,0.17856676468062302,-0.27264827147191306,0.3011025077211474,-0.0161552928273271,0.19023736354718485
0.002,-0.28673634005676524,-0.5099722741849141,-0.38849707317756255,-0.21641205858653184,0.1721077155240297,-0.2509371332959074
0.002,0.19027596689802037,0.17705038539836213,0.10153721502799598,0.10566282011985237,-0.13124278841436401,-0.05452964852813259
0.002,0.05641860875427034,-0.2188165713961674,0.40296628104674603,-0.8568543036633737,0.6300309316297633,0.15074173814537964
0.002,-0.25825750529954605,0.509575881995828,-0.6917979086305034,-0.6159720523584304,-0.07610735533794845,0.17132913812919606
0.002,-0.2893896910241975,0.2665033168294709,-0.8533516966439687,-0.0008198565561688845,-0.05448735121707331,0.2817928213906803
0.002,1.8303492161822725,0.8428649448758826,1.0762503894723063,0.1422215887312615,-0.04694576494297545,-0.3554410862115698
0.002,-0.12489687212861834,-0.26396764225527697,-0.15313694972285774,0.27255598633086825,-0.13850080565128095,-0.38604723863236584
0.002,2.416025393104908,2.0366618089653317,0.2925933904921194,0.13909360962486747,-0.08859813564026268,-0.2732017832312142
0.002,0.05637979359345708,5.644499806597154,3.9353002015704863,-0.008945781959133559,-0.20440690907627918,0.033345987292747854
0.002,-0.27897347814878715,0.7346327756595085,0.22120730920848306,0.0621278042792034,0.5169040876832035,0.150626127876053
0.002,-0.19515057444812495,-0.754553114586901,0.1617971817113241,-0.16839986525271497,0.1254427425673276,0.3144951213733223
0.002,0.26900926695570443,0.09311358368470009,0.15774063318356787,0.4419102465839612,0.25767020124478485,0.48875540474062856
0.002,-31.773746147874622,-34.10731117012243,-58.88130273804266,0.04284208710947353,-0.05189448625030611,0.0348970898657969
0.002,0.42386201778506993,0.05018862483357075,-0.7548245528930153,-0.4808071000007957,-0.048661962827610664,-0.2972272675816782
0.002,-0.07070626928669412,0.506437593199926,0.29181021580926014,-0.0742455362344989,0.4011997847639692,0.9227413630979477
0.002,0.1499912800551796,0.36067227645645816,0.1945696683563762,0.6182502732865621,0.5090162381704707,0.1634462850731646
0.002,-0.5365711421409539,0.45338833055001465,0.1116565595512143,-0.0996240047718876,-0.38098125031226304,0.024250461745433664
0.002,-0.041465774636102626,0.0937144640293316,-0.1591411314615979,0.6460263486509135,0.42558551646643455,0.11819798179788646
0.002,0.6707121955268274,0.04925828137151803,0.2100560294841357,1.0246200173229727,0.2152047435074073,-0.09858266414642318
0.002,1.777997327373889,-0.025381570331238116,1.7859733150845218,-0.3336000452263357,-0.49747027348283995,0.09009204312346829
0.002,-0.6888683127456864,0.5397606248852754,-0.08256813771952272,-0.00796231785065555,-0.35653665338266466,0.32925722694626214
0.002,-0.1122572859113214,0.44120475960678107,0.13731127555843625,-0.5157955828796185,-0.46875912740713627,-0.5624213422326244
0.002,0.3924038551626664,1.2612233294494637,-0.1254452341382797,0.2514347351098069,-0.1575767776423989,-0.025423187904535384
0.002,-0.015617979961904003,0.9928284704462327,-1.3353617164490459,0.054186789309771215,-0.4343728735697255,-0.19649835440693703
0.002,-0.051536838876432775,-0.2577882380265988,-0.20353152790840287,-0.279019974888593,0.05217071412028171,-0.3772781502365508
0.002,-0.13496135104148227,0.1818211966949392,-0.044905416794943545,-0.48727543127813844,0.011054925078411304,-0.11528134297196654
0.002,-1.2367464025359547,0.21634421443299176,1.0364077878429792,-0.5208929922968367,0.5164399091762565,-0.19625673987850117
0.002,0.09995259256222813,-0.5411442526924363,-0.044644609078558634,0.5508103284102424,0.003177062272776988,-0.6285019265972681
0.002,-0.06744973525301287,-0.7352287218076612,-0.010430031788307002,-0.1037450251051561,0.3222893070840643,0.04892233212328957
0.002,-0.46179993285073184,-0.014843275223245172,0.06814964432825774,-0.474150858114527,0.7626869442818529,-0.010646201121618012
0.002,0.7957451177383316,0.18373925128249516,-0.0955296078718841,0.35091665876217565,0.47241816223239924,0.1751138530680011
0.002,-0.27603989262154494,-0.25222648121126173,-0.1095504826024566,-0.06313253551816889,-0.016895654516604183,0.793153966242644
0.002,-0.16638799602303184,-0.021857580099470867,0.2715824532867194,-0.5412995816968774,0.4167066580513425,0.5305955986133498
0.002,-0.1824756679675063,-0.13615193609257542,-0.8988872167248827,-0.10910385410093165,0.3505831610044855,0.3096599565867017
0.002,-0.41222017351882223,0.2971797897653402,-0.8089906049433644,-0.6953240868318398,-0.5783278708106591,-0.4732503286363938
0.002,-5.764762794950272,4.943988412450125,-2.9096286762159087,0.042587285854727375,0.14164239056276634,-0.015714620513315222
0.002,0.4876973406846427,0.00906553651852446,0.24553556204268853,-0.602460800306757,-0.4309538681888824,0.6299777262370391
0.002,-0.30432188674964866,0.15509245420470227,0.34024459761866604,-0.5254865495205417,0.28420601739056467,0.8156712504706211
0.002,0.06855548466692866,-0.09350032401570622,0.20943020284187178,-0.6737437493262978,0.14904366030641883,-0.16313314346099453
0.002,0.37279155509636996,0.681363910000709,0.49734058353095517,0.3036572859661827,-0.1193973410022437,0.16697879612417824
0.002,-8.410633345845689,17.524965137763587,-4.127865279806591,-0.03870692126882763,0.06015944770601686,0.044274664135537746
0.002,-0.0917903258613976,-0.2904716423743089,0.011581508754486877,-0.25845496193302947,0.49294722821162396,0.07515184573547419
0.002,0.14263106832933492,0.31548201985856283,0.3181572531862478,-0.2578785539471104,-0.1921037269959402,-0.5777361868247936
0.002,0.058111964244829506,-0.7613783549158741,0.2830826694973463,-0.18051685196739053,-0.10304767207502058,-0.34157467035251127
0.002,-0.19045669542895474,-0.3423172899024889,-0.06819979360088839,-0.009391823593620003,0.09559363622918589,0.5205411372881799
0.002,-0.1652674681680538,-0.6737605593457129,-0.24594422380079758,0.12111066918892298,-0.3942657218730338,0.8121924591530151
0.002,0.20503793938730439,0.5127704570788846,-0.2628933548481612,0.6700047863433364,0.2924569907949228,-0.12539415934090006
0.002,-0.07816278176550778,0.3688248147516456,0.3802481834921228,-0.016764076726166987,-0.3479405117859286,-0.3965438469460391
0.002,0.1763456558600077,0.05810187674673885,-0.20182702196517943,-0.15336433747415848,0.06764142193698841,-0.6370778349219198
0.002,0.34155375482592304,-0.4275465886273449,0.19379349676683805,0.5070624555724926,0.16670940328591852,0.33595813027737526
0.002,0.1309792846704542,0.27428843659582114,0.054055896662452356,0.2422704933001538,0.13835307468232047,0.16311417469599374
0.002,-0.6579475353738724,-0.20624362551726955,-0.50754494707399,-0.28768166933495604,0.5644467968406581,-0.14666556070983128
0.002,1.1285341769399604,0.06020765210674961,1.1074577955399159,-0.03750658780638009,-0.07410475501391818,-0.18022827012630982
0.002,-0.5055819838686268,-0.547951101311441,-0.0020607349066105833,-0.14991249632630838,-0.13822216595090103,-0.9409928747588115
0.002,0.04509158453815333,0.32102563457355054,-0.4020143618788336,-0.00490626045682566,-0.053998823308177214,0.47284642658035086
0.002,0.02307094476185311,2.579659980331811,-1.2084228486330724,-0.1075377646157144,0.05732396354364572,-0.15219966241986305
0.002,-0.4977949282202671,0.0005462361919222519,0.0049585892517558725,-0.25487620101756153,-0.32251030669559444,0.4277056643913224
0.002,0.36257400518100735,-0.07465849609530635,0.34820771438723536,0.25265489399597835,-0.42804750257523494,-0.49298480939285744
0.002,0.0781467118868632,-0.6480676237993079,-0.324008741429128,-0.4481700706339783,0.7508549584585797,-0.034207108579568234
0.002,0.40077261908089035,0.08645846458657472,-0.5950417786467616,0.4078143229124483,0.5554350000273659,0.3470883166657947
0.002,0.1317098110238439,-0.3060360118810003,0.4076932187265976,0.03990675679724793,0.3432501250621572,0.10479479342252135
0.002,-0.15948461140913223,-0.5767513627971583,-0.9200910354208266,-0.14953762164333959,-0.2687851261103526,-0.40921608736627624
0.002,0.035316469687242266,0.35490313733237244,-0.31895402597540945,-0.2686743354076364,0.8616936423269752,0.16034899931250404
0.002,-0.25801325578370393,-0.04475236712920053,0.27153287295017897,0.0988462693930399,-0.03880564754726523,-0.94552154940942
0.002,-0.32013321179210624,0.05013648238282883,0.32879360160951765,1.1194876007920194,0.37689248968099215,-0.32340798270317844
0.002,0.10872025015044989,-0.1803144165807621,-0.06628950281371003,-0.36146922500614154,0.5347117675223746,-0.21470550422404275
0.002,0.6095955539148,-0.8759963243807343,1.2096063023621115,0.5741561534332894,0.3361808940923448,0.2727689350929426
0.002,0.24457322403865475,0.6151789576544415,-0.027315334555904777,-0.1575430280399114,-0.006540233551935943,0.30608831470213127
0.002,-0.35726899465727374,0.19527003703499551,0.8502396483656097,-0.45987771732285593,-0.12588217937871868,0.2798970640181443
0.002,-0.24950677900859872,0.30134322107240546,-0.21260123899475158,0.4147907501889336,0.45495344589056175,-0.16247696727447025
0.002,0.18195517585847884,-0.08044047287342933,0.0831312136267413,-0.5584492700988558,0.7934477339456946,-0.5603358796852388
0.002,1.9688420168079475,0.05302822725062095,0.913275365975975,-0.5921696262730569,-0.12065460332774938,0.13439906493444823
0.002,0.015940567053721762,-0.5814318793812568,0.3551035908746597,-0.5472037650242632,0.5516140946016876,0.6075014744957531
0.002,-0.4146893688703232,-0.1346527142730937,-0.16309884686159598,-0.6030572310447689,-0.40519802868805915,-0.18187026667099887
0.002,-0.234478497285172,0.39453844281273265,1.0994414995164004,0.07071480456293434,0.12335669252489025,0.40359793943174943
0.002,-0.13272887256207333,0.2706993965608572,0.7523893221912566,-0.12312528406083358,0.06698173712326946,0.7414647341973465
0.002,0.13124267291938316,-0.10538221255692179,-0.7193360404850343,-0.24637603546934134,0.17201354557612294,0.01108885722920709
0.002,0.333736521751435,0.42462156313218297,-0.18076534479745537,0.5436036876998752,0.6911875637697645,-0.6160097148538187
0.002,0.23523509338661933,-1.6850584921709693,-1.8801507768162908,-0.2513023127672331,-0.06764490049337449,0.0888884465180114
0.002,0.5290157253873286,0.9010210301489534,-0.21911013332260484,-0.6211929325831302,-0.28697789596415546,-0.09452399491041015
0.002,-0.2202406218504452,0.2953623023488946,0.002678558818125559,0.27614752473946497,0.7729235406208966,0.24176368821971897
0.002,0.9933791219954972,0.5742803900980973,-0.47277310191830474,0.5375021118971073,-0.14498300265594882,-0.2522694836584687
0.002,1.2706807171580115,0.7436031523753482,-0.5316057449612402,0.24415667025432564,-0.013941977424201807,0.29546304491839914
0.002,0.02321632925116008,-0.41096474700299107,0.32837567217840474,-0.3542534339396134,-0.3872764360162667,-0.8868820151145097
0.002,0.3654566185198846,0.3061545610786772,-0.17132240513040267,0.39999901708721625,-0.3368277989236482,-0.07302679861760372
0.002,0.2298990095505975,-0.09381695998398011,-0.017930976652619803,-0.533998475286938,0.5378384971525129,0.8133745353417221
0.002,-2.486461579147472,0.466995099649871,-0.051285725974604526,-0.2988821529854957,0.026602183514460864,0.04736783724504961
0.002,-0.681785643623301,0.5657032323052407,-0.20455404862600018,0.08205498805477661,0.35825009059676677,-0.2224849731575928
0.002,0.15313053155542647,-0.27319795487880744,0.018775194531330835,0.557858382909012,-0.35928422315165887,-0.20923318431229615
0.002,0.40683546262521264,-0.02219964247250776,-0.6265573905331865,-0.288449725929095,0.7790260129007361,0.1700792408542598
0.002,0.2639985232620452,0.13118617939487023,-0.4223978980978247,-0.7725109619744314,0.14010943461175424,0.774870503749586
0.002,-0.14937095963174515,-0.19241844932875982,-0.29421758072939314,-0.003165926567026235,1.1376863744945898,0.08561790884750768
0.002,0.001363902353150371,0.1034466340277814,-0.3086152685493673,0.02421401819965395,-0.3485817953161171,0.525970404827165
0.002,-0.5610497325799781,-0.05026399978182804,-0.25729312663355963,-0.6296747827161335,-0.7036194193461703,0.02893787538622577
0.002,0.4434585099944472,0.04307275375635668,-0.12325296080362046,0.6343222382072461,-0.5322452352819305,0.4576229687965804
0.002,0.9066196281210129,0.5358172515325537,-0.35560847589279626,-0.04320606333053475,-0.5881646270332545,0.2899601766585297
0.002,-7.974657423098921,1.9774095294575331,-2.010906576212592,-0.01725234153995721,-0.09149412755054905,-0.10078733525010745
0.002,0.717181932840111,0.336037474929865,-1.2939517861137568,-0.061937664517701364,-0.7333809422341641,0.09047382098738427
0.002,-0.5555111023441682,0.34857820721368216,-0.36793222605596915,-0.02932022931728035,0.8906711430279386,0.2139496435530432
0.002,-0.37032520484234177,-0.05155778626906876,-0.19856893595380684,-0.48678678319682783,0.2004336630609707,0.16410966675125857
0.002,0.5089166719486022,0.5429158500588074,0.20991447369245758,0.3524843754578262,0.01322851222677141,-0.11260629124551208
0.002,0.537296858741476,0.12239087113242547,-0.6642135195929819,-0.6265422542873861,0.02806946709274479,0.030500385978334873
0.002,-0.23727233852557134,-0.28145539567874645,-0.2603377806727036,-0.49276533761678565,0.11985583027198679,0.5794982132163883
0.002,0.3143888582564959,-0.7469042042842575,-1.071761179863092,-0.12687842201109567,-0.15025135907701162,-0.18890751176527693
0.002,-1.7012761713259723,-0.7526711581730621,0.03947464432219348,-0.46327537708999356,0.21244465273717675,-0.09486987358653817
0.002,-1.1425861298796975,-0.20239155349803614,-0.7141040247916166,-0.3751800135176827,0.03883953384080157,0.464037997987087
0.002,-0.32469621835475754,-0.4560579704449745,0.47251156735847377,-0.24397277507942505,-0.0022478542620407967,-0.10948264107767246
0.002,0.3187081518626351,0.2548163224610064,0.1652595161864094,-0.11559130175205172,-0.32761784380176084,-0.1688244709367563
0.002,-0.38543810258119665,-0.4153409329321371,-0.2895949659705441,-0.6226423485424831,-0.0442792568097333,0.7590629486836374
0.002,0.16514456088495594,-0.01823479818577271,0.21013945157112282,-0.6665233005273583,0.04092337174003601,0.49326459200168865
0.002,-0.410141861296997,-0.3381530622599313,-0.09651098705361595,0.730530896468779,-0.012552700678063952,0.13800214611830017
0.002,-0.23150756699248598,0.71661017824611,-0.3915308600576854,-0.2232973928884115,0.6166054853504881,0.10937234236548678
0.002,-2.153578163938614,-7.558244902654959,-0.3293141370399365,0.01879324884516103,0.15484867809944547,0.0214388533865237
0.002,-1.0846627624727532,6.675545645983526,9.830389070731647,0.07991955172064796,-0.06329483687027579,0.21001335506016952
0.002,-0.42347590674066976,0.9703921402003752,-2.347067984915879,-0.08628132129466277,0.18198237743743004,-0.044651809372905686
0.002,0.3712824816274005,-0.11523668962996979,0.05687100455642702,-0.8571560775684066,0.08935992535880613,-0.14324187759574236
0.002,-0.1486914157200047,-0.5413130731299697,-0.15744420014061855,1.1068136982069123,0.289579483754036,0.0012655110454949017
0.002,-0.5656182574256707,0.045912856483895884,-0.8454946727094474,-0.372986765273497,0.5887378924004805,-0.4027735729515292
0.002,-0.00796528904443666,-0.03984166464217332,-0.31218692020493954,-0.41469035709207347,0.47309333295741357,0.23109444082627298
0.002,-0.3996757853067922,-0.16490224996572866,-0.5021091597687604,0.1591721029196893,-0.5677425552672506,0.5999272096921214
0.002,1.2035215130036716,0.702849122102068,-1.6205476833533463,0.15493880336524032,0.3631507343392941,0.0701538576609374
0.002,0.7917426267795665,-0.36308519669610373,-0.32281715757837043,0.061255126723716524,-0.47856889910852,0.21066099206074093
0.002,1.4244732264217446,-1.0856679317543487,-1.9941687297898862,0.11630147489141944,-0.3272121192253038,-0.14805879363529634
0.002,-0.6871623118621548,0.6471313316001398,0.4049561564869431,-0.5452577412054643,0.02497490669709489,0.3092965455556838
0.002,0.21907758080510775,-0.004519174915366808,-0.16338658689896224,-0.15617207878763253,0.12373663510507224,-0.08310578408329813
0.002,0.08481743088035025,0.02505508416657946,-0.416225772300857,0.49499997890958236,-0.1498818528548611,0.3362364142638669
0.002,-0.25773961976546683,0.3331452270341829,0.1008395529499877,0.47824535646378663,-0.14614461045120122,-0.22118249584115032
0.002,0.1325784734591284,-0.08020596568198175,0.12626782384413138,-0.21256920523374045,-0.5068438855315566,-0.2993444896438705
0.002,0.0466683450057319,0.08523169751839466,0.03562556940432961,-0.07340322177919777,-0.30893442996600246,0.11764680523143421
0.002,-0.33533916494815036,0.39530577680425155,0.09730103028952031,1.0029423348134623,-0.2763867507297787,-0.5209356088620024
0.002,-1.8214666872916598,-0.46290977280538237,0.3445424108711858,-0.30091987918503227,-0.5906196452733183,0.030764647830223174
0.002,0.6108606709826183,-0.04154078698599107,-1.666919041165684,-0.19511544630937513,-0.4525898016783994,0.044814581113289134
0.002,-0.17776865895186242,-0.047298642624764214,-0.9346971608481783,-0.400654118835297,0.24214497086863032,0.28715792448379523
0.002,0.2719320507320123,0.2871117558948371,-0.4695873996616138,-0.3361201945857759,-0.4723421489062203,-0.337541581320482
0.002,-0.45954456180551156,-0.057933816166433935,-0.07506306369310176,1.0850868846926178,0.06024152638302094,0.1845702086849649
0.002,-0.18352295930959256,-0.054172796713369754,0.011621370720113103,-0.9516871644950634,0.03179745803820615,0.6642709747353919
0.002,-1.1506767258831083,-0.6053657788604998,1.3426937980880298,-0.16501906958239473,-0.2815021554617651,0.42247214508462433
0.002,0.24923945825117919,-1.105450402394989,0.820147633127151,0.12502606025252685,0.40453036783446183,0.34220525437761473
0.002,0.050864470071412066,-0.08273454666265048,0.05767354928943588,-0.6752867716261186,-0.5256359499200669,0.03202358585431788
0.002,-0.7065794953393499,-0.06335185456384543,-0.5138309149707667,-0.2129784565434042,-0.12672954324056837,-0.44155352881686716
0.002,1.7133846003800863,-1.3690168823563804,-2.1655246354527216,-0.008962718001088523,0.18583779971995926,0.13887365213339856
0.002,-0.17317222554051215,-0.03206888488001292,-0.33087802433224084,-0.49400270053724593,0.03046572890523625,-1.1687668963568607
0.002,0.3168484659853081,0.25152841386203834,-0.10399130077217351,-0.35084975981590977,-0.3069429209776279,0.11550372282496525
0.002,-0.05630954753494908,-0.09660625129492503,0.6439603884070754,-0.14599110413948277,-0.6782666192708392,0.4202331916753042
0.002,-1.4509884592467428,12.956537040905996,-1.2491876786712055,-0.010195378213662306,-0.0976748162825711,-0.2227236343084696
0.002,0.5469290639896672,-0.1719947349800075,0.12686024649744906,0.5843924652221721,-0.23508882975435183,-0.6035716386758879
0.002,0.5139806285573679,0.3380966187196471,0.6656669600505105,0.7140811851362856,0.07053429516051746,0.18756469282477206
0.002,-1.4718850375661812,-1.2965671600698985,1.6858146966059897,0.052346372134642216,0.07352028742425157,-0.07964369529620498
0.002,-0.4389787767754331,0.3802549632771362,-0.375597236177301,-0.6549476499047743,-0.18461425559665667,-0.23086300168130902
0.002,0.8989895058000226,-0.5660323473143869,-0.018614062174804,0.6077838201514073,-0.5385706059277692,0.18910508736475484
0.002,0.01149614734206089,0.37198477471383334,-0.18087796454636454,0.019885647226747478,1.267775293778282,-0.029663358492069927
0.002,0.10794119395533995,0.7327361409189097,1.2008112605007775,-0.17496433593100888,0.18022489607937942,0.2691369652385907
0.002,0.1835439870382269,0.0280967782767453,-0.04414672165276692,0.16835771392630722,-0.8284124917325416,-0.14384365839280988
0.002,-0.1487400593547655,1.677750928978877,-0.9889264262411072,0.37914814159465304,0.27335816743308056,0.11958232426455595
0.002,-0.8050043818809108,-0.5398952742474329,-0.7772774874155014,-0.3096925232748842,-0.39179605608670615,0.21684047791218658
0.002,-1.0524692800848725,2.083397642948914,-1.8476837284292196,-0.13727439631856622,0.1502652873081707,0.2637830726830962
0.002,0.28698051661333007,0.36048968604867804,-0.4607624320945972,0.4368203226814781,0.0725291560061154,0.2317480011931747
0.002,0.3526762315246568,0.8773339494547409,-0.2338282684557527,0.15761218351427386,1.0766470960977652,0.12312495753562945
0.002,-0.13659609114666507,0.51019058296378,0.010368011755132819,-0.22296671213264654,-0.17246103605202454,0.48624984668182886
0.002,-0.1503520215237172,-0.6385822989508544,-0.1175318829144277,-0.22011574161130162,-0.13132289490308546,-0.006932301447028293
0.002,0.9662225235450661,0.13459316877799096,0.810261289257235,0.3243780491974021,-0.7636674615151814,0.4397370896345569
0.002,-0.10547352276631487,-0.6420252090269789,-0.459655836172683,0.28987166041599755,0.13566515173071927,-0.828344053605048
0.002,-0.5400458501309338,-0.8490366564264792,-0.41193657350908375,-0.522035956544599,0.03247981557551658,0.4549089599716287
0.002,-0.228514184144281,-0.35474637301609674,-0.5083294848377485,0.24933927196193728,-0.18101723391870572,-0.08381527598858732
0.002,-0.047149550133329866,0.9311463534028679,-1.261623290199894,0.12881466397103505,-0.24879517032915324,-0.5472590807933813
0.002,-0.7812766344957436,0.47860701444448217,0.4497101274998566,-0.4290998550054768,-0.08445936672859715,0.15823596772092435
0.002,0.28545446933068747,-0.058019400055713266,-0.010517718431068763,0.5464898371884204,-0.3779862395902611,0.7967242598779323
0.002,-1.4119452186806118,-0.45958543716084094,-0.18905532649249385,-0.22702995816947844,-0.13748790113131537,-0.5957492993781434
0.002,-0.10944575527192664,0.2527725164258286,0.22688861670449723,0.1783804026599241,0.26617974328720057,-0.8458516846684127
0.002,1.947688162527015,4.73696435097216,0.5577291839784363,-0.28403044626340174,-0.14909892558149276,-0.1262205914188116
0.002,-0.4457505975107561,0.7028903447207138,-0.4509384828558389,-0.4460296128159234,0.36737085642897216,0.7616586847079729
0.002,6.262770514336808,-3.2549880908177844,4.441121888374736,0.08016279387165767,0.030463354440784098,-0.05043372147713754
0.002,-0.07078029131547363,-0.30691131505283153,0.32162897543539976,0.03957577525732784,-0.5670928149163741,0.7612628523461847
0.002,-0.02240153512358075,-0.32115540130501846,-0.7630424155506372,0.6378501701889416,0.7500234596739032,0.16773183852653115
0.002,8.350213680048848,5.3980270516986,-0.3617574155405535,0.12885266886009447,-0.10459601429967359,0.019244079223779176
0.002,-1.938429640924209,-0.94668062795533,-0.30652240727891067,-0.5200589714461107,-0.2051844243030015,-0.01166107282791
0.002,-0.8490197924520044,1.2129000993163586,-0.9701578803001388,-0.3027441198785357,-0.013138584919228159,-0.3046555489309896
0.002,-0.07309314419884685,-0.19406518191684674,0.006866368126056995,-0.3497382916436042,1.1623837211227523,-0.15062701843161305
0.002,1.9159523879583906,2.2358156555053923,1.943901862357831,-0.3495650015193158,0.07508448814135994,0.497513197812648
0.002,-1.6533525323447167,-1.6162217862862158,0.97741511982453,-0.2573646820701083,-0.027639104267302757,-0.14006175443737923
0.002,0.20647714527348018,-0.09775214729619293,-0.009606030366619969,-0.5941406286800037,0.08252789271973361,-0.5597801535332375
0.002,0.008470176536694615,0.28471000065594426,-0.24005467762865018,0.9815267116860826,-0.2297447051544428,0.4319614586420685
0.002,0.6461598763956502,-0.33246552229920107,0.022332294473319837,-0.4795563607671704,0.4453567119846268,0.33906230298494555
0.002,-0.5410151817891823,0.8433453989867692,-0.7085218659501058,0.09682896187319381,-0.2950967186160883,0.3782627300379961
0.002,0.014535477492177987,0.4326050973639002,0.020215155715196543,0.6112830796331417,-0.21724250913406645,0.9372171133244493
0.002,-0.14152485787331387,-0.16660153705014397,-0.24702116222999426,0.3619597410506997,0.5659585789534448,-1.179171135226376
0.002,0.02533744631916371,-0.23883504327789973,-0.17454214787232267,-0.522878638978985,-0.4191269357519031,0.023917875839948116
0.002,0.5583246118945203,1.1057167808812545,0.1570614327755268,0.024232135216568147,-0.40479607919626953,0.37939000946826384
0.002,-0.4990616805678019,1.6436483312912127,1.0630933510841014,-0.5193675931244947,-0.2590712995303287,0.2541077623255932
0.002,-0.6226080882435545,-0.03226506349044415,-0.5322079571211812,-0.3669958000658931,-0.6077499496390777,-0.043470164279232
0.002,0.06365608646246616,-0.30762254079684115,0.007702907701308535,0.1951735962507938,0.28567244824632415,-0.3797619680022609
0.002,0.3801096471188597,-0.30814920168492266,0.018277066131846684,-0.4805543343947926,0.36662814588595266,-0.1444631523306005
0.002,-0.1501490643393327,0.38061764963731154,0.2317044114277434,-0.6637069565912981,-0.7167009458104723,0.5363986622899604
0.002,-0.3781767380709254,-0.051035420019322424,-0.5361910005403078,-0.31805600520876226,-0.044716866764932375,-0.2707728573632355
0.002,-0.12475864744148958,0.08855861219546882,0.8921545839289762,0.13785577257895706,0.1990402407004322,-0.021774216905208203
0.002,-0.7214949914466324,0.35468078732368713,0.33570836934014225,0.5914508984689753,-0.05739664059829003,-0.5554032864980947
0.002,-0.9819051093099888,-0.09625870075240431,0.010154334813349472,-0.3636094134396557,-0.19294400008455925,0.13393268982336862
0.002,0.87685663912734,0.2571162274883649,-0.1284033438455838,0.003602724307299971,0.04089165766175746,-0.33169149478245474
0.002,-1.0285578059687246,-0.6143536267743082,-0.9530804826463325,0.30684836944284793,0.569653650976731,-0.48741223929885313
0.002,-0.2009445044468376,-0.30883209013381624,0.23669251120271653,0.008303323378768568,0.7443177210721181,0.47097259002677516
0.002,-0.7220336055529196,0.412033188191334,0.11291523072588414,0.3094016827897611,-0.3118323086051894,0.024513687354282655
0.002,0.16794901224764433,-0.7542524750939239,0.2031104492930773,0.2269663077753901,-0.22857551983916974,0.19869182333952234
0.002,0.5447448330995943,1.9776741430641795,0.15373403653421594,-0.33111656390804,-0.07653220592753429,-0.4381089333788026
0.002,1.5659517248013135,0.5897395182362274,6.381840027508333,-0.17529920099514631,0.1250703118385573,0.11306346021671161
0.002,-1.0488779451882904,-0.7559292653239619,0.6199899566300334,-0.2564148799209689,-0.42633984968370187,-0.7320817920219216
0.002,0.3228499521982197,-0.4849739400270673,0.7138383570482171,-0.16431062184238834,-0.009658483938490703,-0.35442492392083585
0.002,0.39099648991676267,-0.11938558302297479,-0.7233935248777543,0.3020259116567175,0.13494759113380278,0.45245712928744947
0.002,0.19609708958929867,0.665556892451997,0.1891933123556794,0.43670060066098293,0.2857742226795816,0.09931653549948666
0.002,-2.23929115126684,2.0568080566360676,-2.280822615633103,-0.3330843647734457,-0.4146777593491925,-0.0038812626814291574
0.002,-0.0558746258957797,0.8256896746440952,-0.4183547155009078,-0.6630815901580327,-0.32994484596719564,0.04249856091561609
0.002,-0.07110421530824343,-0.0385420616364856,-0.059108568247530066,-0.8612732465571792,0.23699424431712518,-0.30316714247087345
0.002,-0.2547002216177453,0.8380965291157013,-0.5043873205332372,0.3263982486433439,-0.3288179318797525,0.16603827297740098
0.002,-0.5039273729691361,-0.1382161368777484,0.44217110654600017,-0.08919205573740781,-0.08928316531730998,0.8775525556802074
0.002,1.5051616395764214,-1.4732576981179102,-0.9605118459602542,0.3794382791253257,-0.23029200166793276,-0.4926267903047701
0.002,-0.26959664880756945,0.28766961152745374,0.23141596881467816,0.5138912694317112,-0.3344368581584977,-0.7516456680834149
0.002,-0.34608016635938527,-1.3932180484348027,2.0196240705725055,0.2569457556792108,0.33011027314888736,0.03535093604654066
0.002,0.2289159410912361,-1.1159054721229678,0.07429493806198911,0.002137502761818037,-0.3343987310791,0.4016387116088202
0.002,0.09133894808670134,0.7957897769701209,-0.35616246255546025,0.6543256893731854,-0.1368258527436511,-0.17785284926532963
0.002,0.8182307454585075,0.17781959189937996,-0.7550667680537111,-0.22586981575247414,-0.5622252109687461,0.09502854194017005
0.002,-0.6679835833024432,0.08822560199678126,-0.15161034938232185,-0.5625249241056713,-0.6501023411392085,-0.230709580720171
0.002,-0.2162653729407174,0.28571165155636113,0.47469568153711367,0.06745196386013257,-0.3841862371207476,0.38735609046075686
0.002,-0.14717498660018477,-2.7208580093506938,0.6983515971329495,0.48659207833394363,-0.042979932835958745,0.03173708294984202
0.002,0.7555698009192839,-0.695032225171367,0.09549382681047142,-0.18340876456212718,-0.09853281217629964,0.11534158781624207
0.002,0.07082218732635186,0.12710278343785358,0.10321034295866374,-0.27387429087119247,-0.8172905273713367,-0.36585951383096976
0.002,-0.6399680735525038,-1.9001189329105193,-1.4235146827967347,0.10746837558059896,-0.39017634054137845,-0.04393204914907491
0.002,2.0356121852711495,-1.3386168635182347,0.09953977587147751,0.012510222097897811,-0.17267723741079957,-0.10039929692284517
0.002,-0.11307307208551658,0.19786835363865826,-0.11912750519758379,0.09383908035106184,-0.2846861502083336,-0.17815683664289597
0.002,1.0139189552744794,-0.5611958967696221,-0.025144827903267736,0.41359262613423786,-0.10248330084796853,-0.4093741448725843
0.002,0.34864827731793696,0.09135456488504123,-0.6126816691480789,0.620841741911891,-0.1372051890303751,-0.3132244039060957
0.002,0.2428834624934262,5.765111439539593,0.77454521585247,0.0072951223768851796,-0.24716699227559877,0.09056915309423803
0.002,0.41387361120226673,-0.03348277703944896,0.02566209735503675,0.5228032072533219,0.12197904168602682,0.35238504322606806
0.002,-1.6492155211835853,1.0815598186307844,-1.5804760913894447,-0.11684113264548289,-0.6012238346348703,-0.2004425621506216
0.002,-0.04508791062926313,0.3317020260889828,0.26754121525605523,-0.42185971244394876,-0.2857746340242007,-0.3170455519567249
0.002,0.08952908648416116,0.8885413809723461,-0.6621342629931151,0.17358206548192773,0.4571930462379716,0.7817323371203505
0.002,0.6302514940256292,-0.4250654082299855,0.6765195089969872,0.010694424382885325,-0.4091460377530004,0.2859317796397728
0.002,-0.1301050362032747,-0.06740772673615078,-0.30954448046394173,-0.1603119360084343,-0.012899216961082115,0.22327836091028172
0.002,0.6519942701147583,-0.6618142051464998,-0.3446534929616071,0.3359078650278697,-0.04908726524493544,0.45472268073545424
0.002,5.118771883191592,0.24363095761917025,-0.46643182497144325,0.4034030716361014,0.0004086229862636402,-0.11575864548385142
0.002,-0.38689805202446725,-0.010790479167185812,0.09238688396384162,0.725485989348875,-0.3508222663859766,-0.15380618939566224
0.002,-0.009798796075620458,0.5436677018074819,-0.5088154780577758,0.11878962055617182,-0.2581476100583501,0.13332060164164883
0.002,0.0921017943148976,0.19151722553364509,-0.2813889606158823,-0.17256158068810679,-0.15863906390098378,0.213931549363063
0.002,0.005143804894413779,0.7364933517130436,0.46783918497532206,0.5524299137621821,0.28382001235885657,0.260741529809451
0.002,0.038260438059274086,0.4940419517077998,0.20936985807718284,-0.23504564714537546,0.0992749814718543,0.5453489489820263
0.002,0.3346581455265348,0.3786611830303624,-0.13539793433723685,0.3755158956933816,0.37939151365172014,-0.6920278148180664
0.002,0.19681226230028018,-0.26140349640129434,-0.12558818231981883,0.10855227483090128,0.5993368412796763,0.4765729949072031
