index,n_particles,n_simulations,parallel_time,serial_time
0,250,1,0.9080557823181152,0.00213623046875
0,500,1,0.9065241813659668,0.0030090808868408203
0,750,1,0.950026273727417,0.0068089962005615234
0,1000,1,1.0174188613891602,0.008923768997192383
0,1250,1,0.997051477432251,0.011897563934326172
0,1500,1,0.9804317951202393,0.01744985580444336
0,1750,1,0.9601249694824219,0.02538752555847168
0,2000,1,1.0217602252960205,0.03093886375427246
0,250,2,1.0594539642333984,0.0025246143341064453
0,500,2,1.2221643924713135,0.0048983097076416016
0,750,2,1.2090275287628174,0.00951242446899414
0,1000,2,1.0194785594940186,0.018990039825439453
0,1250,2,1.1545627117156982,0.026903867721557617
0,1500,2,1.0880355834960938,0.04239487648010254
0,1750,2,1.2927346229553223,0.05012917518615723
0,2000,2,0.9888832569122314,0.06267762184143066
0,250,3,1.2826926708221436,0.0032498836517333984
0,500,3,1.1893808841705322,0.007391452789306641
0,750,3,1.158297061920166,0.015164852142333984
0,1000,3,1.29227876663208,0.02388477325439453
0,1250,3,1.1771657466888428,0.035685062408447266
0,1500,3,1.1870839595794678,0.05195355415344238
0,1750,3,1.2297217845916748,0.06482601165771484
0,2000,3,1.2742578983306885,0.0873103141784668
0,250,4,1.3139240741729736,0.0038166046142578125
0,500,4,1.626126766204834,0.011116504669189453
0,750,4,1.6233747005462646,0.024388790130615234
0,1000,4,1.7397420406341553,0.03932547569274902
0,1250,4,1.6433391571044922,0.06082606315612793
0,1500,4,1.7351326942443848,0.09193921089172363
0,1750,4,1.6676113605499268,0.12173318862915039
0,2000,4,1.8021318912506104,0.16376972198486328
0,250,5,2.080906867980957,0.0057332515716552734
0,500,5,1.8344228267669678,0.014006376266479492
0,750,5,1.8028061389923096,0.03157448768615723
0,1000,5,1.8732020854949951,0.05260896682739258
0,1250,5,1.8669447898864746,0.07999300956726074
0,1500,5,1.878213882446289,0.1081094741821289
0,1750,5,1.8773059844970703,0.1627178192138672
0,2000,5,1.9181976318359375,0.1851341724395752
0,250,1,0.9100327491760254,0.0021195411682128906
0,500,1,0.9578936100006104,0.0034537315368652344
0,750,1,0.910844087600708,0.005373716354370117
0,1000,1,0.986748456954956,0.00905466079711914
0,1250,1,0.9324655532836914,0.015236616134643555
0,1500,1,1.0091447830200195,0.01882791519165039
0,1750,1,0.9571926593780518,0.029118776321411133
0,2000,1,0.9451761245727539,0.03023838996887207
0,250,2,1.0646440982818604,0.003076314926147461
0,500,2,1.1002740859985352,0.005434751510620117
0,750,2,1.1681063175201416,0.011112213134765625
0,1000,2,1.1049082279205322,0.019948959350585938
0,1250,2,1.1008594036102295,0.02812957763671875
0,1500,2,1.246675729751587,0.040445566177368164
0,1750,2,1.1386396884918213,0.04956626892089844
0,2000,2,1.137568473815918,0.06841373443603516
0,250,3,1.367379903793335,0.004021644592285156
0,500,3,1.361210823059082,0.009068489074707031
0,750,3,1.2846078872680664,0.017142772674560547
0,1000,3,1.4220497608184814,0.029244422912597656
0,1250,3,1.4596376419067383,0.04227805137634277
0,1500,3,1.3876359462738037,0.05878567695617676
0,1750,3,1.430790662765503,0.08099246025085449
0,2000,3,1.3934900760650635,0.11014103889465332
0,250,4,1.597611665725708,0.0047283172607421875
0,500,4,1.6175570487976074,0.012824773788452148
0,750,4,1.5450985431671143,0.02348613739013672
0,1000,4,1.5873405933380127,0.03798842430114746
0,1250,4,1.6747241020202637,0.05937790870666504
0,1500,4,1.6250593662261963,0.08917069435119629
0,1750,4,1.6551752090454102,0.1083223819732666
0,2000,4,1.6637611389160156,0.15081143379211426
0,250,5,1.8447439670562744,0.0054073333740234375
0,500,5,1.8047771453857422,0.015208005905151367
0,750,5,1.8440346717834473,0.03210282325744629
0,1000,5,1.8449804782867432,0.05684661865234375
0,1250,5,1.7907187938690186,0.07548403739929199
0,1500,5,1.7818174362182617,0.12639307975769043
0,1750,5,1.872307300567627,0.1505117416381836
0,2000,5,1.9472930431365967,0.20218205451965332
0,250,1,0.9270076751708984,0.0021135807037353516
0,500,1,1.0469324588775635,0.003515958786010742
0,750,1,0.9592087268829346,0.0058023929595947266
0,1000,1,0.9821741580963135,0.008356571197509766
0,1250,1,0.9399518966674805,0.015764236450195312
0,1500,1,0.9465250968933105,0.016587257385253906
0,1750,1,0.9665114879608154,0.02661442756652832
0,2000,1,0.9454071521759033,0.032419443130493164
0,250,2,1.1531176567077637,0.0028891563415527344
0,500,2,1.0269794464111328,0.005393505096435547
0,750,2,1.1250536441802979,0.011214494705200195
0,1000,2,1.1695706844329834,0.017295360565185547
0,1250,2,1.1063332557678223,0.027537822723388672
0,1500,2,1.1893939971923828,0.03907132148742676
0,1750,2,1.2043142318725586,0.05685758590698242
0,2000,2,1.2514379024505615,0.06782412528991699
0,250,3,1.3839948177337646,0.0037043094635009766
0,500,3,1.3679442405700684,0.009100914001464844
0,750,3,1.3499855995178223,0.01626276969909668
0,1000,3,1.370873212814331,0.028009414672851562
0,1250,3,1.4003682136535645,0.044898271560668945
0,1500,3,1.4915575981140137,0.057259321212768555
0,1750,3,1.500157117843628,0.08363771438598633
0,2000,3,1.3673436641693115,0.12258601188659668
0,250,4,1.5935699939727783,0.004541158676147461
0,500,4,1.639021635055542,0.011241436004638672
0,750,4,1.653315782546997,0.027735471725463867
0,1000,4,1.6781718730926514,0.04181981086730957
0,1250,4,1.6730802059173584,0.06664681434631348
0,1500,4,1.6795988082885742,0.08356666564941406
0,1750,4,1.7036733627319336,0.12967514991760254
0,2000,4,1.757511854171753,0.18382954597473145
0,250,5,1.8570964336395264,0.0066606998443603516
0,500,5,1.8032474517822266,0.015163421630859375
0,750,5,1.8445720672607422,0.03091287612915039
0,1000,5,1.8693432807922363,0.04894375801086426
0,1250,5,1.8342924118041992,0.08083605766296387
0,1500,5,1.9400303363800049,0.1384589672088623
0,1750,5,1.908463954925537,0.1686253547668457
0,2000,5,2.034158945083618,0.18062949180603027
0,250,1,0.9336898326873779,0.001953125
0,500,1,0.9989645481109619,0.0032248497009277344
0,750,1,0.9339697360992432,0.0052337646484375
0,1000,1,0.9728572368621826,0.008942127227783203
0,1250,1,0.9903991222381592,0.01675724983215332
0,1500,1,0.9497878551483154,0.017022371292114258
0,1750,1,0.9774138927459717,0.023342370986938477
0,2000,1,0.9315938949584961,0.03350710868835449
0,250,2,1.1110777854919434,0.00290679931640625
0,500,2,1.180238962173462,0.0072345733642578125
0,750,2,1.0935003757476807,0.011054515838623047
0,1000,2,1.1072635650634766,0.02082967758178711
0,1250,2,1.1723380088806152,0.029715538024902344
0,1500,2,1.2209680080413818,0.0409693717956543
0,1750,2,1.1336684226989746,0.05566573143005371
0,2000,2,1.2292640209197998,0.06413507461547852
0,250,3,1.2673594951629639,0.003964900970458984
0,500,3,1.4682278633117676,0.008435249328613281
0,750,3,1.3927290439605713,0.01529550552368164
0,1000,3,1.481234073638916,0.028064727783203125
0,1250,3,1.3860349655151367,0.04474210739135742
0,1500,3,1.4885058403015137,0.06843805313110352
0,1750,3,1.4593255519866943,0.08845639228820801
0,2000,3,1.4594001770019531,0.1050713062286377
0,250,4,1.6011457443237305,0.004528522491455078
0,500,4,1.6728057861328125,0.012208223342895508
0,750,4,1.6869776248931885,0.023066997528076172
0,1000,4,1.6344308853149414,0.04161524772644043
0,1250,4,1.7059321403503418,0.05883502960205078
0,1500,4,1.7130012512207031,0.09681320190429688
0,1750,4,1.686389684677124,0.13152813911437988
0,2000,4,1.71773362159729,0.1577606201171875
0,250,5,1.8817870616912842,0.0056879520416259766
0,500,5,1.9860169887542725,0.019561290740966797
0,750,5,2.0575664043426514,0.027779817581176758
0,1000,5,1.9191739559173584,0.04873514175415039
0,1250,5,1.9756555557250977,0.07318425178527832
0,1500,5,1.9637620449066162,0.10715484619140625
0,1750,5,1.938575267791748,0.1462726593017578
0,2000,5,2.0211315155029297,0.21533799171447754
0,250,1,0.9735085964202881,0.001955747604370117
0,500,1,0.9401717185974121,0.003571033477783203
0,750,1,0.9963243007659912,0.005505084991455078
0,1000,1,0.9621102809906006,0.010750532150268555
0,1250,1,0.9643189907073975,0.011840581893920898
0,1500,1,1.0129573345184326,0.02031087875366211
0,1750,1,0.9517760276794434,0.024021625518798828
0,2000,1,1.06718111038208,0.0337214469909668
0,250,2,1.1705360412597656,0.003354787826538086
0,500,2,1.149611234664917,0.0055959224700927734
0,750,2,1.261782169342041,0.009746551513671875
0,1000,2,1.207289218902588,0.0196835994720459
0,1250,2,1.1984243392944336,0.03147125244140625
0,1500,2,1.4029643535614014,0.043489694595336914
0,1750,2,1.1831729412078857,0.06279945373535156
0,2000,2,1.2270574569702148,0.06876540184020996
0,250,3,1.3396213054656982,0.0036089420318603516
0,500,3,1.410485029220581,0.008139848709106445
0,750,3,1.4404399394989014,0.016837120056152344
0,1000,3,1.4547102451324463,0.03519916534423828
0,1250,3,1.357792854309082,0.048003435134887695
0,1500,3,1.4922637939453125,0.060657501220703125
0,1750,3,1.3505208492279053,0.09498929977416992
0,2000,3,1.5073113441467285,0.11512589454650879
0,250,4,1.6508996486663818,0.004989147186279297
0,500,4,1.5943949222564697,0.011921882629394531
0,750,4,1.6194543838500977,0.025868654251098633
0,1000,4,1.6858818531036377,0.039273738861083984
0,1250,4,1.7920780181884766,0.05980038642883301
0,1500,4,1.6756744384765625,0.08368444442749023
0,1750,4,1.738508701324463,0.11864089965820312
0,2000,4,1.7377402782440186,0.15115714073181152
0,250,5,1.8916077613830566,0.005440950393676758
0,500,5,1.9148399829864502,0.015325546264648438
0,750,5,1.910796880722046,0.03109908103942871
0,1000,5,1.9252476692199707,0.0540008544921875
0,1250,5,1.9178929328918457,0.07869768142700195
0,1500,5,1.9992339611053467,0.10366630554199219
0,1750,5,1.9610350131988525,0.15304112434387207
0,2000,5,1.9950916767120361,0.19803881645202637
0,250,1,0.9985613822937012,0.0020172595977783203
0,500,1,0.9323909282684326,0.0034618377685546875
0,750,1,0.9977829456329346,0.005309581756591797
0,1000,1,0.9693725109100342,0.007536172866821289
0,1250,1,1.0002186298370361,0.013760089874267578
0,1500,1,0.9747180938720703,0.0202481746673584
0,1750,1,0.9810922145843506,0.02651357650756836
0,2000,1,0.9984147548675537,0.03041529655456543
0,250,2,1.218040943145752,0.003061056137084961
0,500,2,1.2550134658813477,0.005977630615234375
0,750,2,1.1265368461608887,0.011301517486572266
0,1000,2,1.1398735046386719,0.01899862289428711
0,1250,2,1.1762347221374512,0.0280759334564209
0,1500,2,1.3534414768218994,0.0401158332824707
0,1750,2,1.2099387645721436,0.053618431091308594
0,2000,2,1.1843161582946777,0.0704805850982666
0,250,3,1.3854687213897705,0.00371551513671875
0,500,3,1.3903987407684326,0.00847625732421875
0,750,3,1.4910731315612793,0.018611669540405273
0,1000,3,1.4999182224273682,0.025578975677490234
0,1250,3,1.4785594940185547,0.04169440269470215
0,1500,3,1.4630446434020996,0.060886383056640625
0,1750,3,1.446955680847168,0.08305215835571289
0,2000,3,1.4643661975860596,0.12918329238891602
0,250,4,1.687342643737793,0.00455164909362793
0,500,4,1.6933119297027588,0.010894298553466797
0,750,4,1.6186027526855469,0.023054122924804688
0,1000,4,1.6881778240203857,0.03715777397155762
0,1250,4,1.7103102207183838,0.06331968307495117
0,1500,4,1.7173984050750732,0.0888676643371582
0,1750,4,1.7469451427459717,0.11980319023132324
0,2000,4,1.7479252815246582,0.15692424774169922
0,250,5,1.8268907070159912,0.006089448928833008
0,500,5,1.8833611011505127,0.01586294174194336
0,750,5,1.9401915073394775,0.03226017951965332
0,1000,5,1.9426989555358887,0.048999786376953125
0,1250,5,1.9559745788574219,0.07417654991149902
0,1500,5,1.9171583652496338,0.12240457534790039
0,1750,5,1.9859850406646729,0.1386709213256836
0,2000,5,1.9960031509399414,0.19891929626464844
0,250,1,0.9307060241699219,0.0020275115966796875
0,500,1,0.9857668876647949,0.0032062530517578125
0,750,1,0.9754064083099365,0.005089998245239258
0,1000,1,0.9759769439697266,0.00995326042175293
0,1250,1,1.0365209579467773,0.014448881149291992
0,1500,1,0.9453518390655518,0.019820451736450195
0,1750,1,1.0077011585235596,0.026201486587524414
0,2000,1,1.0327301025390625,0.03769516944885254
0,250,2,1.0824942588806152,0.00292205810546875
0,500,2,1.179004192352295,0.005975961685180664
0,750,2,1.2458574771881104,0.01417231559753418
0,1000,2,1.1755619049072266,0.01950669288635254
0,1250,2,1.1088056564331055,0.027075529098510742
0,1500,2,1.0914068222045898,0.03934812545776367
0,1750,2,1.1926782131195068,0.06013083457946777
0,2000,2,1.3428666591644287,0.06975340843200684
0,250,3,1.312971830368042,0.0038793087005615234
0,500,3,1.4110612869262695,0.007714509963989258
0,750,3,1.3986096382141113,0.01641225814819336
0,1000,3,1.3400650024414062,0.026777029037475586
0,1250,3,1.494664192199707,0.04399394989013672
0,1500,3,1.4992749691009521,0.060585975646972656
0,1750,3,1.4665141105651855,0.08921074867248535
0,2000,3,1.5598039627075195,0.09923934936523438
0,250,4,1.7009127140045166,0.004548072814941406
0,500,4,1.63897705078125,0.011176347732543945
0,750,4,1.6869652271270752,0.022064685821533203
0,1000,4,1.754870891571045,0.03891563415527344
0,1250,4,1.7117416858673096,0.06795668601989746
0,1500,4,1.6965513229370117,0.09489822387695312
0,1750,4,1.692204236984253,0.13384127616882324
0,2000,4,1.716834545135498,0.14775443077087402
0,250,5,1.856302261352539,0.0060312747955322266
0,500,5,1.8721306324005127,0.018413305282592773
0,750,5,1.876490592956543,0.03280067443847656
0,1000,5,1.8990306854248047,0.054555654525756836
0,1250,5,2.115114212036133,0.08609724044799805
0,1500,5,1.9932661056518555,0.12514686584472656
0,1750,5,1.9943089485168457,0.16108155250549316
0,2000,5,2.002952814102173,0.18529605865478516
0,250,1,0.9359109401702881,0.002210855484008789
0,500,1,1.0051438808441162,0.0031349658966064453
0,750,1,1.01804780960083,0.006395101547241211
0,1000,1,0.9419054985046387,0.009806632995605469
0,1250,1,1.0151174068450928,0.011777162551879883
0,1500,1,0.9643239974975586,0.017054080963134766
0,1750,1,1.0253441333770752,0.025144577026367188
0,2000,1,1.0662930011749268,0.03266596794128418
0,250,2,1.116959571838379,0.0030333995819091797
0,500,2,1.269115924835205,0.0070078372955322266
0,750,2,1.318638563156128,0.012691736221313477
0,1000,2,1.175816535949707,0.018497943878173828
0,1250,2,1.2169461250305176,0.027423381805419922
0,1500,2,1.2455415725708008,0.04299449920654297
0,1750,2,1.242884874343872,0.05620431900024414
0,2000,2,1.2327487468719482,0.0716562271118164
0,250,3,1.4176874160766602,0.0038301944732666016
0,500,3,1.4746782779693604,0.008387327194213867
0,750,3,1.4738929271697998,0.015932559967041016
0,1000,3,1.4104409217834473,0.02871990203857422
0,1250,3,1.4260046482086182,0.043401479721069336
0,1500,3,1.5344090461730957,0.06069803237915039
0,1750,3,1.4648857116699219,0.09311866760253906
0,2000,3,1.4501311779022217,0.1080317497253418
0,250,4,1.6683948040008545,0.004705667495727539
0,500,4,1.603834629058838,0.012662649154663086
0,750,4,1.6567699909210205,0.024250030517578125
0,1000,4,1.7247459888458252,0.039710283279418945
0,1250,4,1.6737756729125977,0.05769753456115723
0,1500,4,1.6541061401367188,0.08564424514770508
0,1750,4,1.7150356769561768,0.13288187980651855
0,2000,4,1.701617956161499,0.1529238224029541
0,250,5,1.9338712692260742,0.005510091781616211
0,500,5,1.9248192310333252,0.014847755432128906
0,750,5,1.9208688735961914,0.031690359115600586
0,1000,5,1.9554505348205566,0.058728694915771484
0,1250,5,1.9903817176818848,0.07838678359985352
0,1500,5,1.969175100326538,0.11242008209228516
0,1750,5,2.000161647796631,0.1400165557861328
0,2000,5,2.0438976287841797,0.20377659797668457
0,250,1,0.9547317028045654,0.0023794174194335938
0,500,1,0.961158037185669,0.003283262252807617
0,750,1,1.0755548477172852,0.005624532699584961
0,1000,1,0.9330959320068359,0.008138656616210938
0,1250,1,1.0116393566131592,0.013025522232055664
0,1500,1,0.9536857604980469,0.018089771270751953
0,1750,1,1.0042610168457031,0.024997234344482422
0,2000,1,1.008631706237793,0.0359797477722168
0,250,2,1.093858242034912,0.003154754638671875
0,500,2,1.1685969829559326,0.006298065185546875
0,750,2,1.082970142364502,0.012214899063110352
0,1000,2,1.1790716648101807,0.019118309020996094
0,1250,2,1.1644763946533203,0.029540061950683594
0,1500,2,1.2387902736663818,0.040699005126953125
0,1750,2,1.2286124229431152,0.04832935333251953
0,2000,2,1.2833013534545898,0.07213211059570312
0,250,3,1.5077273845672607,0.003825664520263672
0,500,3,1.4218285083770752,0.00898885726928711
0,750,3,1.457275390625,0.018581867218017578
0,1000,3,1.4235775470733643,0.027954816818237305
0,1250,3,1.4913723468780518,0.04320120811462402
0,1500,3,1.4819879531860352,0.06792449951171875
0,1750,3,1.5402066707611084,0.08972668647766113
0,2000,3,1.4921624660491943,0.10659050941467285
0,250,4,1.614546537399292,0.004988908767700195
0,500,4,1.7782135009765625,0.010704755783081055
0,750,4,1.6950786113739014,0.02054142951965332
0,1000,4,1.6704132556915283,0.04076099395751953
0,1250,4,1.6927454471588135,0.0577244758605957
0,1500,4,1.7355098724365234,0.08402705192565918
0,1750,4,1.730046272277832,0.12601900100708008
0,2000,4,1.730165958404541,0.15456509590148926
0,250,5,1.9287991523742676,0.005521059036254883
0,500,5,1.9192626476287842,0.014772176742553711
0,750,5,1.9205138683319092,0.030283212661743164
0,1000,5,1.9405572414398193,0.05131721496582031
0,1250,5,1.9634854793548584,0.07736396789550781
0,1500,5,1.9853096008300781,0.12347197532653809
0,1750,5,1.988494873046875,0.16441607475280762
0,2000,5,2.0046634674072266,0.1947040557861328
0,250,1,0.9765458106994629,0.002071380615234375
0,500,1,0.9699575901031494,0.003275156021118164
0,750,1,0.9917213916778564,0.0056765079498291016
0,1000,1,0.9615509510040283,0.00832986831665039
0,1250,1,1.0011801719665527,0.013271331787109375
0,1500,1,1.0223057270050049,0.019434452056884766
0,1750,1,1.047853946685791,0.022778034210205078
0,2000,1,1.0267133712768555,0.03355813026428223
0,250,2,1.108046531677246,0.0030472278594970703
0,500,2,1.2945280075073242,0.006171226501464844
0,750,2,1.1977565288543701,0.01045989990234375
0,1000,2,1.2827482223510742,0.021389484405517578
0,1250,2,1.1396524906158447,0.03620600700378418
0,1500,2,1.212923288345337,0.04055929183959961
0,1750,2,1.181002140045166,0.06107354164123535
0,2000,2,1.1905114650726318,0.07411980628967285
0,250,3,1.3942275047302246,0.004017829895019531
0,500,3,1.3995587825775146,0.009335756301879883
0,750,3,1.3334300518035889,0.0211331844329834
0,1000,3,1.4213967323303223,0.027487516403198242
0,1250,3,1.460878849029541,0.043285369873046875
0,1500,3,1.5058274269104004,0.0617218017578125
0,1750,3,1.9274938106536865,0.1293165683746338
0,2000,3,1.5432329177856445,0.1120154857635498
0,250,4,1.6644601821899414,0.0048999786376953125
0,500,4,1.6910526752471924,0.010637283325195312
0,750,4,1.6138854026794434,0.026210308074951172
0,1000,4,1.6454288959503174,0.0404047966003418
0,1250,4,1.7064452171325684,0.06465911865234375
0,1500,4,1.7137067317962646,0.09218645095825195
0,1750,4,1.7170782089233398,0.1310129165649414
0,2000,4,1.7643072605133057,0.17048048973083496
0,250,5,1.9222352504730225,0.006087303161621094
0,500,5,1.8441812992095947,0.018952369689941406
0,750,5,1.8669767379760742,0.036000728607177734
0,1000,5,1.919041395187378,0.05756568908691406
0,1250,5,1.898503065109253,0.09983205795288086
0,1500,5,1.9362235069274902,0.1109931468963623
0,1750,5,1.9957623481750488,0.15040040016174316
0,2000,5,2.024667263031006,0.19777846336364746
0,250,1,0.938208818435669,0.0021774768829345703
0,500,1,1.0917010307312012,0.003958463668823242
0,750,1,1.0042967796325684,0.005110740661621094
0,1000,1,0.9569590091705322,0.009536027908325195
0,1250,1,0.9799818992614746,0.013566017150878906
0,1500,1,0.9647183418273926,0.019974946975708008
0,1750,1,1.0072236061096191,0.027210474014282227
0,2000,1,1.0037450790405273,0.04198145866394043
0,250,2,1.1177523136138916,0.0031557083129882812
0,500,2,1.207874059677124,0.005765199661254883
0,750,2,1.1672751903533936,0.011882305145263672
0,1000,2,1.1560230255126953,0.019395828247070312
0,1250,2,1.185286045074463,0.027170896530151367
0,1500,2,1.290801763534546,0.038289785385131836
0,1750,2,1.1610081195831299,0.06424093246459961
0,2000,2,1.2379379272460938,0.06365323066711426
0,250,3,1.5207743644714355,0.003629922866821289
0,500,3,1.5071771144866943,0.008279800415039062
0,750,3,1.3545618057250977,0.018991470336914062
0,1000,3,1.4364192485809326,0.028739213943481445
0,1250,3,1.522195816040039,0.04194521903991699
0,1500,3,1.4743599891662598,0.06732344627380371
0,1750,3,1.547152042388916,0.0812540054321289
0,2000,3,1.444995641708374,0.14818668365478516
0,250,4,1.6178293228149414,0.004793882369995117
0,500,4,1.5996711254119873,0.01241755485534668
0,750,4,1.6834912300109863,0.022370576858520508
0,1000,4,1.6635932922363281,0.044535160064697266
0,1250,4,1.9067790508270264,0.07489943504333496
0,1500,4,1.7927711009979248,0.08273577690124512
0,1750,4,1.7380282878875732,0.10820364952087402
0,2000,4,1.747244119644165,0.14566326141357422
0,250,5,1.919205665588379,0.005841732025146484
0,500,5,1.9705009460449219,0.015292167663574219
0,750,5,1.9206418991088867,0.028594017028808594
0,1000,5,1.8836605548858643,0.05179119110107422
0,1250,5,1.9205751419067383,0.08783912658691406
0,1500,5,1.963714599609375,0.11745452880859375
0,1750,5,1.9493966102600098,0.14895176887512207
0,2000,5,2.0909414291381836,0.19252467155456543
0,250,1,1.015028476715088,0.0019974708557128906
0,500,1,0.9342129230499268,0.0034034252166748047
0,750,1,1.0036389827728271,0.005332231521606445
0,1000,1,0.9524233341217041,0.007962226867675781
0,1250,1,0.9824032783508301,0.013109445571899414
0,1500,1,1.0214126110076904,0.0199432373046875
0,1750,1,0.9835340976715088,0.025520801544189453
0,2000,1,1.0205719470977783,0.031525611877441406
0,250,2,1.2884609699249268,0.003443479537963867
0,500,2,1.2242507934570312,0.006298542022705078
0,750,2,1.2981047630310059,0.010098457336425781
0,1000,2,1.2512102127075195,0.020008087158203125
0,1250,2,1.1276116371154785,0.027683496475219727
0,1500,2,1.2301273345947266,0.04224133491516113
0,1750,2,1.1834697723388672,0.06016969680786133
0,2000,2,1.322664737701416,0.06609582901000977
0,250,3,1.4456465244293213,0.00371551513671875
0,500,3,1.5072369575500488,0.008217573165893555
0,750,3,1.437500238418579,0.01706862449645996
0,1000,3,1.4275484085083008,0.02962946891784668
0,1250,3,1.5328123569488525,0.04048895835876465
0,1500,3,1.4648547172546387,0.06049656867980957
0,1750,3,1.5375030040740967,0.08589792251586914
0,2000,3,1.485945463180542,0.12061667442321777
0,250,4,1.631998062133789,0.0053637027740478516
0,500,4,1.685865879058838,0.015106678009033203
0,750,4,1.6206977367401123,0.03167152404785156
0,1000,4,1.6579673290252686,0.04216885566711426
0,1250,4,1.7268016338348389,0.06376814842224121
0,1500,4,1.6547937393188477,0.09204840660095215
0,1750,4,1.6782073974609375,0.1324305534362793
0,2000,4,1.8163599967956543,0.14097952842712402
0,250,5,1.8964085578918457,0.005885124206542969
0,500,5,1.9236390590667725,0.015462875366210938
0,750,5,2.044398546218872,0.035338640213012695
0,1000,5,1.9905602931976318,0.04502439498901367
0,1250,5,1.9298069477081299,0.08026361465454102
0,1500,5,1.9246177673339844,0.12496566772460938
0,1750,5,1.9191155433654785,0.17356061935424805
0,2000,5,2.071599245071411,0.1777043342590332
0,250,1,0.9561865329742432,0.0021486282348632812
0,500,1,1.0017118453979492,0.0033223628997802734
0,750,1,0.9573347568511963,0.005661487579345703
0,1000,1,0.9951951503753662,0.009247541427612305
0,1250,1,0.9978151321411133,0.013282060623168945
0,1500,1,0.9858195781707764,0.01906132698059082
0,1750,1,1.0134830474853516,0.0278778076171875
0,2000,1,1.0038690567016602,0.030890941619873047
0,250,2,1.226799488067627,0.00278472900390625
0,500,2,1.2254304885864258,0.006118297576904297
0,750,2,1.1253583431243896,0.010917425155639648
0,1000,2,1.1802499294281006,0.017404556274414062
0,1250,2,1.2825510501861572,0.02762627601623535
0,1500,2,1.1788315773010254,0.039433956146240234
0,1750,2,1.2349836826324463,0.05470108985900879
0,2000,2,1.2623400688171387,0.06862735748291016
0,250,3,1.4187548160552979,0.0036802291870117188
0,500,3,1.3960282802581787,0.008908510208129883
0,750,3,1.417945146560669,0.017234325408935547
0,1000,3,1.4595513343811035,0.026920080184936523
0,1250,3,1.4220776557922363,0.04497718811035156
0,1500,3,1.4613778591156006,0.0701594352722168
0,1750,3,1.4765653610229492,0.08569836616516113
0,2000,3,1.5685036182403564,0.10065507888793945
0,250,4,1.6778550148010254,0.0046024322509765625
0,500,4,1.719308853149414,0.011207818984985352
0,750,4,1.6742253303527832,0.025147438049316406
0,1000,4,1.6511452198028564,0.04041004180908203
0,1250,4,1.717313289642334,0.061318397521972656
0,1500,4,1.7684152126312256,0.09214067459106445
0,1750,4,1.7697789669036865,0.11584353446960449
0,2000,4,1.7652945518493652,0.14175748825073242
0,250,5,1.8715484142303467,0.0058002471923828125
0,500,5,1.9041900634765625,0.01459813117980957
0,750,5,1.9074113368988037,0.028832674026489258
0,1000,5,1.940976858139038,0.05147409439086914
0,1250,5,1.9526739120483398,0.08332157135009766
0,1500,5,1.9864959716796875,0.11149835586547852
0,1750,5,2.0226807594299316,0.15270638465881348
0,2000,5,2.0203888416290283,0.19607257843017578
0,250,1,0.9467010498046875,0.002607583999633789
0,500,1,0.9505085945129395,0.003069162368774414
0,750,1,1.0097284317016602,0.004923820495605469
0,1000,1,0.9429981708526611,0.009205341339111328
0,1250,1,1.0154986381530762,0.013864517211914062
0,1500,1,0.9833667278289795,0.017267704010009766
0,1750,1,1.0075526237487793,0.023242950439453125
0,2000,1,1.0221326351165771,0.03632926940917969
0,250,2,1.3227026462554932,0.002809762954711914
0,500,2,1.3263013362884521,0.005947113037109375
0,750,2,1.157099723815918,0.012349128723144531
0,1000,2,1.2981271743774414,0.016512155532836914
0,1250,2,1.197460651397705,0.02971339225769043
0,1500,2,1.3142976760864258,0.04273653030395508
0,1750,2,1.3571295738220215,0.05557894706726074
0,2000,2,1.2440764904022217,0.06981587409973145
0,250,3,1.5454509258270264,0.0034453868865966797
0,500,3,1.4217071533203125,0.00855875015258789
0,750,3,1.4098639488220215,0.017755746841430664
0,1000,3,1.4637954235076904,0.03662848472595215
0,1250,3,1.3707396984100342,0.04802751541137695
0,1500,3,1.487912654876709,0.06008458137512207
0,1750,3,1.5223445892333984,0.0853126049041748
0,2000,3,1.5725948810577393,0.10879921913146973
0,250,4,1.6686372756958008,0.004895687103271484
0,500,4,1.7069859504699707,0.011908769607543945
0,750,4,1.6730446815490723,0.02743053436279297
0,1000,4,1.628737449645996,0.0411069393157959
0,1250,4,1.6599280834197998,0.06265473365783691
0,1500,4,1.6823837757110596,0.08948779106140137
0,1750,4,1.764188528060913,0.11773800849914551
0,2000,4,1.8399598598480225,0.14809393882751465
0,250,5,1.8650493621826172,0.005495548248291016
0,500,5,1.8290629386901855,0.016549110412597656
0,750,5,1.8993110656738281,0.07178568840026855
0,1000,5,1.8771138191223145,0.06192612648010254
0,1250,5,1.9507572650909424,0.08582878112792969
0,1500,5,1.9699368476867676,0.1229104995727539
0,1750,5,2.061445951461792,0.1457822322845459
0,2000,5,2.026554584503174,0.20180130004882812
0,250,1,0.9631757736206055,0.002040386199951172
0,500,1,0.9947159290313721,0.0031418800354003906
0,750,1,0.999441385269165,0.005980968475341797
0,1000,1,0.9663286209106445,0.00844430923461914
0,1250,1,0.9864938259124756,0.012993574142456055
0,1500,1,1.002882480621338,0.016482114791870117
0,1750,1,1.0094122886657715,0.023990392684936523
0,2000,1,0.9855167865753174,0.03289222717285156
0,250,2,1.2097797393798828,0.0029821395874023438
0,500,2,1.3042190074920654,0.006294965744018555
0,750,2,1.2538259029388428,0.01067805290222168
0,1000,2,1.1248657703399658,0.017908334732055664
0,1250,2,1.2877018451690674,0.026157855987548828
0,1500,2,1.1997735500335693,0.040145158767700195
0,1750,2,1.1874775886535645,0.056781768798828125
0,2000,2,1.223848819732666,0.07013058662414551
0,250,3,1.5303893089294434,0.003531217575073242
0,500,3,1.3838095664978027,0.008838176727294922
0,750,3,1.3779575824737549,0.01833486557006836
0,1000,3,1.4575574398040771,0.027918577194213867
0,1250,3,1.6998634338378906,0.042268991470336914
0,1500,3,1.533233642578125,0.0642998218536377
0,1750,3,1.5427300930023193,0.08236217498779297
0,2000,3,1.528022289276123,0.14055991172790527
0,250,4,1.6103196144104004,0.004695415496826172
0,500,4,1.6743693351745605,0.012287616729736328
0,750,4,1.7009105682373047,0.024227142333984375
0,1000,4,1.7106740474700928,0.03960108757019043
0,1250,4,1.7126212120056152,0.07122635841369629
0,1500,4,1.7252464294433594,0.08592653274536133
0,1750,4,1.7120702266693115,0.12341976165771484
0,2000,4,1.743718147277832,0.1593010425567627
0,250,5,1.960167407989502,0.005738496780395508
0,500,5,1.9446589946746826,0.015146970748901367
0,750,5,1.9142282009124756,0.03223609924316406
0,1000,5,1.9317514896392822,0.05159878730773926
0,1250,5,1.8921394348144531,0.08643555641174316
0,1500,5,1.951491355895996,0.11035394668579102
0,1750,5,1.9825868606567383,0.14754557609558105
0,2000,5,2.0559420585632324,0.1780834197998047
0,250,1,1.0145201683044434,0.002036571502685547
0,500,1,0.9562060832977295,0.0033903121948242188
0,750,1,1.0014607906341553,0.0056269168853759766
0,1000,1,0.9835243225097656,0.00854802131652832
0,1250,1,1.016714096069336,0.012809038162231445
0,1500,1,0.9985322952270508,0.01889657974243164
0,1750,1,1.0094966888427734,0.027116060256958008
0,2000,1,1.0201270580291748,0.032636404037475586
0,250,2,1.2285163402557373,0.0031592845916748047
0,500,2,1.4392318725585938,0.007172346115112305
0,750,2,1.169126033782959,0.01028299331665039
0,1000,2,1.2104551792144775,0.018473386764526367
0,1250,2,1.2460174560546875,0.028121232986450195
0,1500,2,1.1337459087371826,0.03772377967834473
0,1750,2,1.248697280883789,0.05355072021484375
0,2000,2,1.2760028839111328,0.06887555122375488
0,250,3,1.460420846939087,0.003717660903930664
0,500,3,1.4061565399169922,0.009185552597045898
0,750,3,1.379303216934204,0.017426490783691406
0,1000,3,1.4396512508392334,0.030244112014770508
0,1250,3,1.4817359447479248,0.04358673095703125
0,1500,3,1.4779469966888428,0.06400179862976074
0,1750,3,1.385728120803833,0.09025716781616211
0,2000,3,1.6620588302612305,0.10774660110473633
0,250,4,1.605189323425293,0.004751682281494141
0,500,4,1.661262035369873,0.01250457763671875
0,750,4,1.674356460571289,0.02520751953125
0,1000,4,1.6731231212615967,0.03686785697937012
0,1250,4,1.655179500579834,0.06002449989318848
0,1500,4,1.7819478511810303,0.10619187355041504
0,1750,4,1.7209458351135254,0.12167596817016602
0,2000,4,1.7298364639282227,0.15290570259094238
0,250,5,1.9177520275115967,0.005626678466796875
0,500,5,1.9396631717681885,0.01682114601135254
0,750,5,1.9307591915130615,0.03017592430114746
0,1000,5,1.9063000679016113,0.052675485610961914
0,1250,5,1.9650523662567139,0.07489681243896484
0,1500,5,1.9488325119018555,0.12216663360595703
0,1750,5,1.9415826797485352,0.15323877334594727
0,2000,5,2.0549185276031494,0.19914603233337402
0,250,1,0.9918937683105469,0.002036571502685547
0,500,1,0.9627475738525391,0.003086090087890625
0,750,1,0.9970278739929199,0.005125284194946289
0,1000,1,0.954643964767456,0.00770258903503418
0,1250,1,0.9831745624542236,0.011214017868041992
0,1500,1,1.0171468257904053,0.02053380012512207
0,1750,1,0.9611189365386963,0.024080991744995117
0,2000,1,1.024299144744873,0.030029296875
0,250,2,1.1467647552490234,0.004146099090576172
0,500,2,1.1392619609832764,0.006430864334106445
0,750,2,1.3703458309173584,0.010580301284790039
0,1000,2,1.2144529819488525,0.01913905143737793
0,1250,2,1.1573448181152344,0.02877211570739746
0,1500,2,1.2109079360961914,0.04883170127868652
0,1750,2,1.182755470275879,0.05257105827331543
0,2000,2,1.286100149154663,0.07433056831359863
0,250,3,1.4415173530578613,0.0036678314208984375
0,500,3,1.4343876838684082,0.009274959564208984
0,750,3,1.4511609077453613,0.01850271224975586
0,1000,3,1.5572054386138916,0.025574207305908203
0,1250,3,1.4445669651031494,0.050496816635131836
0,1500,3,1.4441564083099365,0.05771064758300781
0,1750,3,1.5239150524139404,0.08527040481567383
0,2000,3,1.594799280166626,0.10815978050231934
0,250,4,1.7706398963928223,0.004352092742919922
0,500,4,1.7161102294921875,0.01154017448425293
0,750,4,1.6788949966430664,0.02392411231994629
0,1000,4,1.6778156757354736,0.043007612228393555
0,1250,4,1.6736443042755127,0.07111740112304688
0,1500,4,1.7801306247711182,0.08436989784240723
0,1750,4,1.7122688293457031,0.1338491439819336
0,2000,4,1.7819170951843262,0.1546933650970459
0,250,5,1.8822708129882812,0.006616115570068359
0,500,5,1.8623318672180176,0.021542787551879883
0,750,5,1.8857688903808594,0.03174734115600586
0,1000,5,1.8651902675628662,0.0614323616027832
0,1250,5,1.9283831119537354,0.09152579307556152
0,1500,5,1.9752452373504639,0.11814737319946289
0,1750,5,2.0217068195343018,0.15669727325439453
0,2000,5,2.004920721054077,0.20364665985107422
0,250,1,0.9600310325622559,0.0020492076873779297
0,500,1,0.983506441116333,0.0030732154846191406
0,750,1,0.9890906810760498,0.005068063735961914
0,1000,1,0.9614467620849609,0.00894784927368164
0,1250,1,0.9848859310150146,0.014478206634521484
0,1500,1,1.0037939548492432,0.019019603729248047
0,1750,1,1.013824462890625,0.025200366973876953
0,2000,1,0.9862349033355713,0.03171372413635254
0,250,2,1.1770305633544922,0.002911806106567383
0,500,2,1.167098045349121,0.006387472152709961
0,750,2,1.1957707405090332,0.010961532592773438
0,1000,2,1.2516067028045654,0.01857733726501465
0,1250,2,1.2782747745513916,0.028719425201416016
0,1500,2,1.1723902225494385,0.0434575080871582
0,1750,2,1.174222469329834,0.06142258644104004
0,2000,2,1.3348660469055176,0.07384490966796875
0,250,3,1.5001261234283447,0.0036821365356445312
0,500,3,1.4545648097991943,0.009327888488769531
0,750,3,1.4327337741851807,0.01815342903137207
0,1000,3,1.4841911792755127,0.026349306106567383
0,1250,3,1.5273826122283936,0.040730953216552734
0,1500,3,1.595477819442749,0.06683802604675293
0,1750,3,1.5405950546264648,0.08275532722473145
0,2000,3,1.4646246433258057,0.11129403114318848
0,250,4,1.6292264461517334,0.005182743072509766
0,500,4,1.6416051387786865,0.014757156372070312
0,750,4,1.7392797470092773,0.021173477172851562
0,1000,4,1.704270362854004,0.03688764572143555
0,1250,4,1.6931488513946533,0.05931711196899414
0,1500,4,1.6773645877838135,0.08322787284851074
0,1750,4,1.7131779193878174,0.10976934432983398
0,2000,4,1.8187153339385986,0.15832209587097168
0,250,5,2.2261462211608887,0.0065784454345703125
0,500,5,2.1940972805023193,0.023029327392578125
0,750,5,2.234910726547241,0.03412795066833496
0,1000,5,2.3265438079833984,0.06239128112792969
0,1250,5,2.324817419052124,0.08413863182067871
0,1500,5,2.2897608280181885,0.13067126274108887
0,1750,5,2.3777873516082764,0.16318774223327637
0,2000,5,2.338960647583008,0.20676040649414062
0,250,1,1.0017037391662598,0.002115964889526367
0,500,1,0.9434108734130859,0.0030994415283203125
0,750,1,1.0062153339385986,0.005355119705200195
0,1000,1,0.981093168258667,0.008596420288085938
0,1250,1,0.9581472873687744,0.012459754943847656
0,1500,1,1.0058071613311768,0.018712759017944336
0,1750,1,0.9889183044433594,0.02435612678527832
0,2000,1,1.019486904144287,0.03345799446105957
0,250,2,1.1341221332550049,0.0033168792724609375
0,500,2,1.1860787868499756,0.006184816360473633
0,750,2,1.2531254291534424,0.01096200942993164
0,1000,2,1.2245965003967285,0.019214630126953125
0,1250,2,1.1426069736480713,0.028052330017089844
0,1500,2,1.2172682285308838,0.04146409034729004
0,1750,2,1.198340654373169,0.05281949043273926
0,2000,2,1.1426548957824707,0.06939172744750977
0,250,3,1.4399771690368652,0.003781557083129883
0,500,3,1.4671339988708496,0.007944107055664062
0,750,3,1.4777491092681885,0.017761707305908203
0,1000,3,1.4139821529388428,0.029520034790039062
0,1250,3,1.3975164890289307,0.04102349281311035
0,1500,3,1.547192096710205,0.05984807014465332
0,1750,3,1.5100979804992676,0.08769798278808594
0,2000,3,1.4272568225860596,0.11183667182922363
0,250,4,1.6396863460540771,0.004625797271728516
0,500,4,1.6946196556091309,0.012226581573486328
0,750,4,1.6770238876342773,0.02289438247680664
0,1000,4,1.6383063793182373,0.039696455001831055
0,1250,4,1.6906287670135498,0.06125211715698242
0,1500,4,1.6644420623779297,0.08556389808654785
0,1750,4,1.7411909103393555,0.12001228332519531
0,2000,4,1.7736639976501465,0.16286540031433105
0,250,5,1.8917107582092285,0.005923032760620117
0,500,5,1.940429449081421,0.015195608139038086
0,750,5,1.906623363494873,0.030548095703125
0,1000,5,1.931994915008545,0.05474448204040527
0,1250,5,1.933655023574829,0.07767724990844727
0,1500,5,1.9422235488891602,0.11538100242614746
0,1750,5,1.9260132312774658,0.1773998737335205
0,2000,5,2.016726493835449,0.1962745189666748
0,250,1,0.9553670883178711,0.0021677017211914062
0,500,1,0.9851782321929932,0.003248453140258789
0,750,1,0.9682474136352539,0.0056421756744384766
0,1000,1,0.9860610961914062,0.008803844451904297
0,1250,1,0.9637084007263184,0.01293492317199707
0,1500,1,0.9959988594055176,0.01708841323852539
0,1750,1,1.0100951194763184,0.023633718490600586
0,2000,1,0.9849221706390381,0.03158855438232422
0,250,2,1.1830394268035889,0.0030350685119628906
0,500,2,1.2126307487487793,0.006225109100341797
0,750,2,1.1278295516967773,0.011480569839477539
0,1000,2,1.18597412109375,0.019167184829711914
0,1250,2,1.1581065654754639,0.03320670127868652
0,1500,2,1.306075096130371,0.03829336166381836
0,1750,2,1.2935364246368408,0.050935983657836914
0,2000,2,1.1932260990142822,0.08014440536499023
0,250,3,1.3260464668273926,0.004777669906616211
0,500,3,1.4025354385375977,0.008131265640258789
0,750,3,1.5122241973876953,0.017740726470947266
0,1000,3,1.4416542053222656,0.029688119888305664
0,1250,3,1.4768829345703125,0.04575037956237793
0,1500,3,1.5089607238769531,0.06601643562316895
0,1750,3,1.396611213684082,0.08621072769165039
0,2000,3,1.556382656097412,0.11245179176330566
0,250,4,1.5954205989837646,0.005990505218505859
0,500,4,1.6372907161712646,0.012101173400878906
0,750,4,1.6521260738372803,0.02292609214782715
0,1000,4,1.6716415882110596,0.03819131851196289
0,1250,4,1.6791698932647705,0.05850934982299805
0,1500,4,1.6439757347106934,0.09521365165710449
0,1750,4,1.6781470775604248,0.15650129318237305
0,2000,4,1.7619667053222656,0.1681361198425293
0,250,5,1.8503587245941162,0.007462263107299805
0,500,5,1.9004487991333008,0.02042984962463379
0,750,5,1.8459031581878662,0.037781476974487305
0,1000,5,1.9583423137664795,0.06082558631896973
0,1250,5,1.998764991760254,0.07373428344726562
0,1500,5,2.21882963180542,0.15738749504089355
0,1750,5,2.0938777923583984,0.16390085220336914
0,2000,5,1.9535019397735596,0.19258451461791992
0,250,1,1.0139899253845215,0.0020918846130371094
0,500,1,1.1318871974945068,0.0038604736328125
0,750,1,0.9773142337799072,0.005476474761962891
0,1000,1,0.9870591163635254,0.008455276489257812
0,1250,1,0.9829399585723877,0.012349128723144531
0,1500,1,1.0275099277496338,0.018482208251953125
0,1750,1,0.9959239959716797,0.023361921310424805
0,2000,1,0.9882192611694336,0.029454946517944336
0,250,2,1.1655337810516357,0.002977132797241211
0,500,2,1.092555046081543,0.006566524505615234
0,750,2,1.1360385417938232,0.012018442153930664
0,1000,2,1.1806607246398926,0.019831180572509766
0,1250,2,1.2631230354309082,0.03498506546020508
0,1500,2,1.1703155040740967,0.04175972938537598
0,1750,2,1.3092782497406006,0.0526423454284668
0,2000,2,1.2143263816833496,0.06817293167114258
0,250,3,1.4710731506347656,0.004262208938598633
0,500,3,1.3868427276611328,0.00900125503540039
0,750,3,1.5094351768493652,0.017596006393432617
0,1000,3,1.4498262405395508,0.03282356262207031
0,1250,3,1.5697271823883057,0.03989291191101074
0,1500,3,1.461986780166626,0.06972002983093262
0,1750,3,1.3837776184082031,0.1420753002166748
0,2000,3,1.403376817703247,0.10837149620056152
0,250,4,1.7041141986846924,0.004404544830322266
0,500,4,1.7045576572418213,0.014497995376586914
0,750,4,1.6572456359863281,0.025063753128051758
0,1000,4,1.8095381259918213,0.03956341743469238
0,1250,4,1.6534559726715088,0.062218427658081055
