index,n_particles,parallel_time,serial_time,tstep/tot_evo_time
0,250,0.12177157402038574,0.20970940589904785,1.0
0,500,0.48680949211120605,0.866462230682373,1.0
0,750,0.9421381950378418,1.921830415725708,1.0
0,1000,1.6087124347686768,3.298452377319336,1.0
0,1250,2.5236878395080566,5.108925819396973,1.0
0,1500,3.729396343231201,7.423364877700806,1.0
0,1750,5.98034930229187,10.539319276809692,1.0
0,2000,9.20967173576355,14.03266429901123,1.0
0,250,0.16765308380126953,0.2677445411682129,1.0
0,500,0.5294909477233887,0.9549102783203125,1.0
0,750,1.3727023601531982,2.0272111892700195,1.0
0,1000,2.265698194503784,3.5502817630767822,1.0
0,1250,3.661884069442749,5.284862756729126,1.0
0,1500,5.191373109817505,8.004402875900269,1.0
0,1750,7.3100056648254395,10.193396806716919,1.0
0,2000,9.335285425186157,14.720087766647339,1.0
0,250,0.13631367683410645,0.2547285556793213,1.0
0,500,0.5454423427581787,0.9500610828399658,1.0
0,750,1.2485439777374268,1.9585707187652588,1.0
0,1000,2.3009352684020996,3.756617546081543,1.0
0,1250,3.645540714263916,5.541795253753662,1.0
0,1500,5.267859220504761,7.737521409988403,1.0
0,1750,7.036491870880127,10.338452339172363,1.0
0,2000,9.071320533752441,13.465657472610474,1.0
0,250,0.19170641899108887,0.30125880241394043,1.0
0,500,0.5218710899353027,0.9625725746154785,1.0
0,750,1.3036725521087646,1.9867033958435059,1.0
0,1000,2.2867352962493896,3.7036774158477783,1.0
0,1250,3.716127872467041,5.418360233306885,1.0
0,1500,5.514959096908569,7.651360750198364,1.0
0,1750,7.369301795959473,10.935523271560669,1.0
0,2000,9.713968515396118,13.885674953460693,1.0
0,250,0.14326930046081543,0.3274400234222412,1.0
0,500,0.5463664531707764,1.000232219696045,1.0
0,750,1.3599913120269775,2.05165433883667,1.0
0,1000,2.3519773483276367,3.5065557956695557,1.0
0,1250,3.8482892513275146,5.393847465515137,1.0
0,1500,5.583292007446289,7.707250118255615,1.0
0,1750,7.122087478637695,10.91974425315857,1.0
0,2000,9.455202579498291,14.295541286468506,1.0
0,250,0.14379358291625977,0.37062907218933105,1.0
0,500,0.5442554950714111,1.0074853897094727,1.0
0,750,1.3682224750518799,2.0934793949127197,1.0
0,1000,2.3892085552215576,3.5010242462158203,1.0
0,1250,4.269826889038086,5.444481134414673,1.0
0,1500,5.4303319454193115,7.715559005737305,1.0
0,1750,7.502371788024902,10.399426698684692,1.0
0,2000,9.789907455444336,13.914367198944092,1.0
0,250,0.15641164779663086,0.27593350410461426,1.0
0,500,0.6284458637237549,0.9552910327911377,1.0
0,750,1.3694369792938232,2.0617129802703857,1.0
0,1000,2.3938755989074707,3.5898642539978027,1.0
0,1250,3.8334031105041504,5.751502990722656,1.0
0,1500,5.213962078094482,7.7836809158325195,1.0
0,1750,8.952707767486572,11.387830972671509,1.0
0,2000,9.754606485366821,13.69390869140625,1.0
0,250,0.1758894920349121,0.27245187759399414,1.0
0,500,0.6274805068969727,0.925861120223999,1.0
0,750,1.3844616413116455,2.1080281734466553,1.0
0,1000,2.3740313053131104,3.515817403793335,1.0
0,1250,3.8974668979644775,5.466332197189331,1.0
0,1500,5.415539503097534,8.029432535171509,1.0
0,1750,7.403230428695679,10.558862209320068,1.0
0,2000,10.413032054901123,13.909136056900024,1.0
0,250,0.1461336612701416,0.27835583686828613,1.0
0,500,0.5982284545898438,0.96807861328125,1.0
0,750,1.3189890384674072,2.065751791000366,1.0
0,1000,2.4916296005249023,3.660921335220337,1.0
0,1250,3.8590123653411865,5.460069179534912,1.0
0,1500,5.462914228439331,7.950188398361206,1.0
0,1750,7.376433849334717,10.624022960662842,1.0
0,2000,9.680234432220459,13.991179704666138,1.0
0,250,0.181610107421875,0.281099796295166,1.0
0,500,0.5874717235565186,0.9736382961273193,1.0
0,750,1.392683982849121,2.116741895675659,1.0
0,1000,2.4502079486846924,3.848280906677246,1.0
0,1250,3.7972421646118164,5.493257522583008,1.0
0,1500,5.4433228969573975,7.973626136779785,1.0
0,1750,7.46737003326416,10.829215049743652,1.0
0,2000,9.595722913742065,13.805537223815918,1.0
0,250,0.13773012161254883,0.2623722553253174,1.0
0,500,0.5540440082550049,0.9272162914276123,1.0
0,750,1.2533094882965088,2.0857934951782227,1.0
0,1000,2.4178102016448975,3.594064235687256,1.0
0,1250,3.818509817123413,5.581016540527344,1.0
0,1500,5.477759838104248,7.782527923583984,1.0
0,1750,7.361269950866699,10.479179859161377,1.0
0,2000,9.74843168258667,13.981872320175171,1.0
0,250,0.1443464756011963,0.27294468879699707,1.0
0,500,0.5675959587097168,1.045046329498291,1.0
0,750,1.394984483718872,2.016998767852783,1.0
0,1000,2.382145881652832,3.5281319618225098,1.0
0,1250,3.67753267288208,5.3966405391693115,1.0
0,1500,5.4230055809021,8.012696504592896,1.0
0,1750,7.460716962814331,10.897459983825684,1.0
0,2000,9.644203901290894,13.754966259002686,1.0
0,250,0.20063328742980957,0.2950565814971924,1.0
0,500,0.5579423904418945,1.0248138904571533,1.0
0,750,1.3751657009124756,2.058769941329956,1.0
0,1000,2.3973000049591064,3.5855724811553955,1.0
0,1250,3.8075203895568848,5.5568647384643555,1.0
0,1500,5.394972324371338,8.176544427871704,1.0
0,1750,7.442660331726074,10.52448034286499,1.0
0,2000,9.552529096603394,13.682487964630127,1.0
0,250,0.15160202980041504,0.2992551326751709,1.0
0,500,0.5550224781036377,1.0135631561279297,1.0
0,750,1.396397590637207,2.187077283859253,1.0
0,1000,2.3938398361206055,3.652259349822998,1.0
0,1250,3.8177201747894287,5.453557968139648,1.0
0,1500,5.450272083282471,7.98466944694519,1.0
0,1750,7.3925461769104,10.564246892929077,1.0
0,2000,10.038758277893066,13.729447603225708,1.0
0,250,0.14285755157470703,0.2682523727416992,1.0
0,500,0.6197350025177002,0.9658305644989014,1.0
0,750,1.2965545654296875,2.0440917015075684,1.0
0,1000,2.4482359886169434,3.6135525703430176,1.0
0,1250,3.7471225261688232,5.496748208999634,1.0
0,1500,5.498764276504517,7.791271686553955,1.0
0,1750,7.531790494918823,11.475897073745728,1.0
0,2000,9.68979787826538,13.887959003448486,1.0
0,250,0.1477503776550293,0.2804741859436035,1.0
0,500,0.6347002983093262,0.9922828674316406,1.0
0,750,1.3634090423583984,2.0382368564605713,1.0
0,1000,2.3853793144226074,3.5905678272247314,1.0
0,1250,3.8660902976989746,5.444218158721924,1.0
0,1500,5.429027318954468,7.774036169052124,1.0
0,1750,7.487562656402588,10.969501495361328,1.0
0,2000,9.608299970626831,14.286344528198242,1.0
0,250,0.15137457847595215,0.2878601551055908,1.0
0,500,0.546342134475708,0.9919722080230713,1.0
0,750,1.294320821762085,2.090855836868286,1.0
0,1000,2.4267237186431885,3.530097723007202,1.0
0,1250,3.8886239528656006,5.6782426834106445,1.0
0,1500,5.525156021118164,7.95571494102478,1.0
0,1750,7.523159503936768,11.078181982040405,1.0
0,2000,9.730274200439453,14.06140422821045,1.0
0,250,0.14216327667236328,0.2740213871002197,1.0
0,500,0.596513032913208,0.9404776096343994,1.0
0,750,1.2865991592407227,2.05338716506958,1.0
0,1000,2.376460552215576,3.4819555282592773,1.0
0,1250,3.703655242919922,5.550069808959961,1.0
0,1500,6.496262788772583,8.59322738647461,1.0
0,1750,7.43731951713562,10.65585994720459,1.0
0,2000,9.83050537109375,14.542577743530273,1.0
0,250,0.14673376083374023,0.28714585304260254,1.0
0,500,0.5658485889434814,1.1027898788452148,1.0
0,750,1.5304527282714844,2.0745906829833984,1.0
0,1000,2.4004523754119873,3.5850627422332764,1.0
0,1250,3.8729915618896484,5.629638195037842,1.0
0,1500,5.490930557250977,7.742058515548706,1.0
0,1750,7.563663721084595,11.124648094177246,1.0
0,2000,9.681600570678711,14.12467336654663,1.0
0,250,0.1446669101715088,0.270688533782959,1.0
0,500,0.5920753479003906,0.94112229347229,1.0
0,750,1.3287265300750732,2.140493631362915,1.0
0,1000,2.44827938079834,3.484365224838257,1.0
0,1250,3.786874771118164,5.6629862785339355,1.0
0,1500,5.568567752838135,7.782517910003662,1.0
0,1750,7.441294431686401,10.550960302352905,1.0
0,2000,9.682072162628174,14.01049280166626,1.0
0,250,0.1430225372314453,0.32827019691467285,1.0
0,500,0.6074552536010742,0.9690439701080322,1.0
0,750,1.351205587387085,2.0601658821105957,1.0
0,1000,2.415112257003784,3.5327963829040527,1.0
0,1250,3.9129724502563477,5.6969170570373535,1.0
0,1500,5.417506694793701,7.805623531341553,1.0
0,1750,7.343823432922363,10.639811277389526,1.0
0,2000,9.698267459869385,14.19555401802063,1.0
0,250,0.1855320930480957,0.2704439163208008,1.0
0,500,0.6296157836914062,0.9339420795440674,1.0
0,750,1.276982069015503,2.0532584190368652,1.0
0,1000,2.4378299713134766,3.5154736042022705,1.0
0,1250,3.8926196098327637,5.663979530334473,1.0
0,1500,5.5261101722717285,7.763821125030518,1.0
0,1750,7.391608715057373,10.590077877044678,1.0
0,2000,9.616324663162231,14.059248447418213,1.0
0,250,0.14241981506347656,0.26399731636047363,1.0
0,500,0.55859375,0.9599952697753906,1.0
0,750,1.2855887413024902,2.0405027866363525,1.0
0,1000,2.5096499919891357,3.6777281761169434,1.0
0,1250,3.785614490509033,5.517789602279663,1.0
0,1500,5.622684955596924,8.091126918792725,1.0
0,1750,7.41744065284729,10.444677829742432,1.0
0,2000,9.76453161239624,13.977457046508789,1.0
0,250,0.1486513614654541,0.2810652256011963,1.0
0,500,0.548865795135498,1.0134155750274658,1.0
0,750,1.3853678703308105,2.061066150665283,1.0
0,1000,2.4759182929992676,3.6221630573272705,1.0
0,1250,4.063156366348267,5.497697591781616,1.0
0,1500,5.45258355140686,7.839521169662476,1.0
0,1750,7.463098764419556,10.620501279830933,1.0
0,2000,9.644184350967407,14.244853258132935,1.0
0,250,0.14643287658691406,0.2652297019958496,1.0
0,500,0.5594954490661621,0.9284634590148926,1.0
0,750,1.2561635971069336,2.0683085918426514,1.0
0,1000,2.40301513671875,3.534370183944702,1.0
0,1250,3.799255847930908,5.463273763656616,1.0
0,1500,5.496466875076294,7.787089109420776,1.0
0,1750,7.4527199268341064,11.498551368713379,1.0
0,2000,9.748184204101562,13.878836393356323,1.0
0,250,0.1476902961730957,0.28053784370422363,1.0
0,500,0.6360094547271729,0.9550361633300781,1.0
0,750,1.3849549293518066,2.1248879432678223,1.0
0,1000,2.4242360591888428,3.5723671913146973,1.0
0,1250,3.848249673843384,5.574297666549683,1.0
0,1500,5.547832250595093,8.201539754867554,1.0
0,1750,7.607367753982544,10.894751787185669,1.0
0,2000,9.562265157699585,13.562379837036133,1.0
0,250,0.1442415714263916,0.2790334224700928,1.0
0,500,0.5600645542144775,0.9588949680328369,1.0
0,750,1.3152663707733154,2.1620867252349854,1.0
0,1000,2.4528565406799316,3.6247787475585938,1.0
0,1250,3.89443039894104,5.457351922988892,1.0
0,1500,5.46787166595459,7.726628541946411,1.0
0,1750,7.338679313659668,10.531586647033691,1.0
0,2000,9.887233257293701,14.460140466690063,1.0
0,250,0.16506052017211914,0.2717907428741455,1.0
0,500,0.6648063659667969,0.9277963638305664,1.0
0,750,1.422555923461914,2.1509876251220703,1.0
0,1000,2.5536794662475586,3.5791168212890625,1.0
0,1250,3.8022634983062744,5.567014694213867,1.0
0,1500,5.537883281707764,7.793179750442505,1.0
0,1750,7.384588956832886,10.783887147903442,1.0
0,2000,9.769596576690674,14.493777990341187,1.0
0,250,0.19472169876098633,0.28177428245544434,1.0
0,500,0.5839824676513672,0.957878589630127,1.0
0,750,1.3786907196044922,2.096104860305786,1.0
0,1000,2.4107017517089844,4.581781625747681,1.0
0,1250,3.922104835510254,5.519355058670044,1.0
0,1500,5.512078285217285,7.668302536010742,1.0
0,1750,7.451831817626953,10.80853796005249,1.0
0,2000,9.837096452713013,13.994600534439087,1.0
0,250,0.14679956436157227,0.3095877170562744,1.0
0,500,0.5550897121429443,1.0438323020935059,1.0
0,750,1.4103543758392334,2.0627403259277344,1.0
0,1000,2.3941869735717773,3.5895280838012695,1.0
0,1250,3.8070850372314453,5.561562538146973,1.0
0,1500,5.512470245361328,8.436889886856079,1.0
0,1750,7.767395257949829,11.124736785888672,1.0
0,2000,9.713827848434448,14.100098609924316,1.0
0,250,0.14512205123901367,0.301668643951416,1.0
0,500,0.5817892551422119,1.0199854373931885,1.0
0,750,1.3898718357086182,2.2290077209472656,1.0
0,1000,2.4609735012054443,3.61275577545166,1.0
0,1250,3.869521379470825,5.618579387664795,1.0
0,1500,5.444697618484497,7.881565570831299,1.0
0,1750,7.393110752105713,10.804285287857056,1.0
0,2000,9.635712385177612,13.66058349609375,1.0
0,250,0.14972686767578125,0.3010997772216797,1.0
0,500,0.6498196125030518,0.9508581161499023,1.0
0,750,1.366332769393921,2.081223726272583,1.0
0,1000,2.3930437564849854,3.5754830837249756,1.0
0,1250,3.808198928833008,5.755719900131226,1.0
0,1500,5.447067499160767,7.8923258781433105,1.0
0,1750,7.338160037994385,10.769420146942139,1.0
0,2000,9.610538482666016,14.04289174079895,1.0
0,250,0.15633559226989746,0.2681844234466553,1.0
0,500,0.5748965740203857,0.9208698272705078,1.0
0,750,1.3149971961975098,2.038231372833252,1.0
0,1000,2.3635294437408447,3.563934326171875,1.0
0,1250,3.7414350509643555,5.440106630325317,1.0
0,1500,5.488654136657715,7.682583570480347,1.0
0,1750,7.351565837860107,10.828714847564697,1.0
0,2000,9.52575421333313,13.59457802772522,1.0
0,250,0.1388392448425293,0.2674984931945801,1.0
0,500,0.5654196739196777,0.9242050647735596,1.0
0,750,1.3358409404754639,2.079878568649292,1.0
0,1000,2.418256998062134,3.603360652923584,1.0
0,1250,3.8069214820861816,5.540702819824219,1.0
0,1500,5.51172661781311,7.789785146713257,1.0
0,1750,7.517777919769287,10.648818969726562,1.0
0,2000,9.639123678207397,14.198897361755371,1.0
0,250,0.18656420707702637,0.2776980400085449,1.0
0,500,0.5410435199737549,1.021195411682129,1.0
0,750,1.4163613319396973,2.0854575634002686,1.0
0,1000,2.4426355361938477,3.696967840194702,1.0
0,1250,3.78810453414917,5.503881216049194,1.0
0,1500,5.383674144744873,7.815301179885864,1.0
0,1750,7.288713455200195,10.712473154067993,1.0
0,2000,9.764779090881348,13.931599855422974,1.0
0,250,0.1419694423675537,0.2685370445251465,1.0
0,500,0.6698870658874512,0.9317348003387451,1.0
0,750,1.396003246307373,2.0658605098724365,1.0
0,1000,2.399761438369751,3.520726203918457,1.0
0,1250,3.7780344486236572,5.437934637069702,1.0
0,1500,5.532604455947876,8.076701402664185,1.0
0,1750,7.480025291442871,10.80177354812622,1.0
0,2000,9.692968606948853,13.702695846557617,1.0
0,250,0.1400008201599121,0.26761507987976074,1.0
0,500,0.5819985866546631,0.9341461658477783,1.0
0,750,1.3202533721923828,2.1953189373016357,1.0
0,1000,2.460670232772827,3.466919422149658,1.0
0,1250,3.735229015350342,5.545199394226074,1.0
0,1500,5.564066648483276,7.7357330322265625,1.0
0,1750,7.435152769088745,10.772694110870361,1.0
0,2000,9.658092021942139,13.863217830657959,1.0
0,250,0.13846254348754883,0.2754025459289551,1.0
0,500,0.6513643264770508,0.9810047149658203,1.0
0,750,1.3862671852111816,2.051659107208252,1.0
0,1000,2.399050235748291,3.521373987197876,1.0
0,1250,3.793682813644409,5.4132750034332275,1.0
0,1500,5.396947145462036,7.787508249282837,1.0
0,1750,7.417855978012085,10.839543581008911,1.0
0,2000,9.608838319778442,14.001142978668213,1.0
0,250,0.15436744689941406,0.2779195308685303,1.0
0,500,0.6075320243835449,0.9741277694702148,1.0
0,750,1.370194673538208,2.023190498352051,1.0
0,1000,2.361163377761841,3.5442636013031006,1.0
0,1250,3.8931663036346436,5.523830890655518,1.0
0,1500,5.377203702926636,7.8679890632629395,1.0
0,1750,7.3637425899505615,10.578577280044556,1.0
0,2000,9.636224508285522,13.648786067962646,1.0
0,250,0.18476009368896484,0.3364396095275879,1.0
0,500,0.9167866706848145,1.1436996459960938,1.0
0,750,1.343843698501587,2.0691308975219727,1.0
0,1000,2.4217467308044434,3.586900234222412,1.0
0,1250,3.7526607513427734,5.469151258468628,1.0
0,1500,5.476768255233765,7.8362555503845215,1.0
0,1750,7.38016152381897,10.727014064788818,1.0
0,2000,9.711901903152466,14.513569116592407,1.0
0,250,0.14323997497558594,0.2702913284301758,1.0
0,500,0.6371622085571289,0.9458508491516113,1.0
0,750,1.373906135559082,2.0662639141082764,1.0
0,1000,2.4024815559387207,3.5782179832458496,1.0
0,1250,3.8484420776367188,5.714426279067993,1.0
0,1500,5.8240649700164795,7.80713677406311,1.0
0,1750,7.390681982040405,10.44946575164795,1.0
0,2000,9.797699928283691,14.841885566711426,1.0
0,250,0.1820058822631836,0.29500317573547363,1.0
0,500,0.5350406169891357,0.9919540882110596,1.0
0,750,1.3595168590545654,2.0587666034698486,1.0
0,1000,2.397848606109619,3.7060837745666504,1.0
0,1250,3.8560256958007812,5.574822664260864,1.0
0,1500,5.441295385360718,8.114742279052734,1.0
0,1750,7.466375350952148,10.8533456325531,1.0
0,2000,9.623034715652466,13.812034130096436,1.0
0,250,0.1404426097869873,0.26618170738220215,1.0
0,500,0.6296086311340332,0.9540328979492188,1.0
0,750,1.266826868057251,2.129065752029419,1.0
0,1000,2.393373966217041,3.558392286300659,1.0
0,1250,3.7503623962402344,5.453023195266724,1.0
0,1500,5.476240634918213,8.012173652648926,1.0
0,1750,8.855873584747314,12.891653299331665,1.0
0,2000,11.259589433670044,14.964462041854858,1.0
0,250,0.1372082233428955,0.26497459411621094,1.0
0,500,0.5745949745178223,0.9366004467010498,1.0
0,750,1.2925143241882324,2.1176040172576904,1.0
0,1000,2.350186347961426,3.556983232498169,1.0
0,1250,3.808614492416382,5.559453010559082,1.0
0,1500,5.578512191772461,8.188154458999634,1.0
0,1750,7.478028297424316,11.164944410324097,1.0
0,2000,9.600772857666016,14.403119325637817,1.0
0,250,0.14065051078796387,0.27086377143859863,1.0
0,500,0.5689857006072998,0.9156455993652344,1.0
0,750,1.2555277347564697,2.07672119140625,1.0
0,1000,2.4243438243865967,3.5479562282562256,1.0
0,1250,3.762634038925171,5.429709434509277,1.0
0,1500,5.522874593734741,7.771929979324341,1.0
0,1750,7.430265426635742,10.738054513931274,1.0
0,2000,9.948284149169922,14.3652503490448,1.0
0,250,0.14824819564819336,0.2836415767669678,1.0
0,500,0.5702650547027588,1.0272130966186523,1.0
0,750,1.3757610321044922,2.108865261077881,1.0
0,1000,2.401254892349243,3.607496738433838,1.0
0,1250,3.8117363452911377,5.406421899795532,1.0
0,1500,5.403195858001709,8.07660460472107,1.0
0,1750,7.435985565185547,10.650812149047852,1.0
0,2000,9.683255434036255,13.80719518661499,1.0
0,250,0.17513012886047363,0.27699708938598633,1.0
0,500,0.6401023864746094,0.9395773410797119,1.0
0,750,1.3349120616912842,2.0760657787323,1.0
0,1000,2.5218725204467773,3.69215726852417,1.0
0,1250,3.715198278427124,5.534486293792725,1.0
0,1500,5.5505053997039795,7.760441303253174,1.0
0,1750,7.389007329940796,10.730660915374756,1.0
0,2000,9.618637561798096,13.81477975845337,1.0
0,250,0.17134332656860352,0.2698075771331787,1.0
0,500,0.548720121383667,0.9579677581787109,1.0
0,750,1.2802636623382568,2.090569257736206,1.0
0,1000,2.382044792175293,3.559879779815674,1.0
0,1250,3.714848041534424,5.4599223136901855,1.0
0,1500,5.505784034729004,8.04863452911377,1.0
0,1750,7.452090263366699,10.913218021392822,1.0
0,2000,9.68612289428711,13.667818069458008,1.0
0,250,0.19847965240478516,0.27899599075317383,1.0
0,500,0.534782886505127,0.996612548828125,1.0
0,750,1.3573362827301025,2.1270058155059814,1.0
0,1000,2.3941965103149414,3.522552728652954,1.0
0,1250,3.9427194595336914,5.453628301620483,1.0
0,1500,5.445559501647949,7.900061130523682,1.0
0,1750,7.519089460372925,11.352246284484863,1.0
0,2000,9.65492296218872,13.902569770812988,1.0
0,250,0.14104962348937988,0.2734711170196533,1.0
0,500,0.5582430362701416,0.9603784084320068,1.0
0,750,1.2426764965057373,2.081685781478882,1.0
0,1000,2.385587215423584,3.5059494972229004,1.0
0,1250,3.7453503608703613,5.496289491653442,1.0
0,1500,5.531276226043701,7.82720947265625,1.0
0,1750,7.39655327796936,10.669899225234985,1.0
0,2000,12.056748390197754,13.850428581237793,1.0
0,250,0.140366792678833,0.2752218246459961,1.0
0,500,0.547715425491333,0.9587202072143555,1.0
0,750,1.3410062789916992,2.0100228786468506,1.0
0,1000,2.3848419189453125,3.660170316696167,1.0
0,1250,3.8147525787353516,5.485353231430054,1.0
0,1500,5.388716459274292,7.690104246139526,1.0
0,1750,7.349778413772583,10.488832473754883,1.0
0,2000,9.681852340698242,13.724531412124634,1.0
0,250,0.1526641845703125,0.2672767639160156,1.0
0,500,0.5564537048339844,0.941727876663208,1.0
0,750,1.2459278106689453,2.15287446975708,1.0
0,1000,2.509336233139038,3.6251258850097656,1.0
0,1250,3.8147470951080322,5.554834604263306,1.0
0,1500,5.455857515335083,7.983471870422363,1.0
0,1750,7.477407455444336,10.515227317810059,1.0
0,2000,9.611760377883911,13.941617727279663,1.0
0,250,0.14259886741638184,0.26514196395874023,1.0
0,500,0.5944626331329346,0.9899637699127197,1.0
0,750,1.417881965637207,2.0897183418273926,1.0
0,1000,2.3714795112609863,3.546398162841797,1.0
0,1250,3.808129072189331,5.4813854694366455,1.0
0,1500,5.432671070098877,7.804800510406494,1.0
0,1750,7.680466413497925,11.199309587478638,1.0
0,2000,9.72697401046753,14.134470224380493,1.0
0,250,0.14168572425842285,0.26227760314941406,1.0
0,500,0.6297707557678223,0.9808225631713867,1.0
0,750,1.392970323562622,1.9834694862365723,1.0
0,1000,2.451397657394409,3.5451674461364746,1.0
0,1250,3.783895492553711,5.411109447479248,1.0
0,1500,5.558356046676636,7.894826650619507,1.0
0,1750,7.391483783721924,10.576236486434937,1.0
0,2000,9.787569999694824,13.701746225357056,1.0
0,250,0.1421506404876709,0.28017306327819824,1.0
0,500,0.5817148685455322,1.0097455978393555,1.0
0,750,1.4295074939727783,1.971566915512085,1.0
0,1000,2.394655227661133,3.5698442459106445,1.0
0,1250,3.7644598484039307,5.457329034805298,1.0
0,1500,5.50451922416687,7.837996482849121,1.0
0,1750,7.417884826660156,11.10316514968872,1.0
0,2000,9.821346521377563,13.852261543273926,1.0
0,250,0.1468493938446045,0.26123809814453125,1.0
0,500,0.6315279006958008,0.9506678581237793,1.0
0,750,1.3306024074554443,2.0714282989501953,1.0
0,1000,2.400082588195801,3.5738625526428223,1.0
0,1250,3.8814051151275635,5.574239253997803,1.0
0,1500,5.353879928588867,7.868821144104004,1.0
0,1750,7.500781059265137,10.539748191833496,1.0
0,2000,9.712629318237305,14.058443307876587,1.0
0,250,0.14392399787902832,0.26918673515319824,1.0
0,500,0.5637204647064209,0.962742805480957,1.0
0,750,1.2755446434020996,2.06124210357666,1.0
0,1000,2.389881134033203,3.5150234699249268,1.0
0,1250,3.795348882675171,5.523796796798706,1.0
0,1500,5.627309083938599,7.8719706535339355,1.0
0,1750,7.320103168487549,10.76034951210022,1.0
0,2000,9.605090379714966,14.061731815338135,1.0
0,250,0.16279125213623047,0.28163981437683105,1.0
0,500,0.5593075752258301,0.9667909145355225,1.0
0,750,1.3607964515686035,2.0663959980010986,1.0
0,1000,2.3514902591705322,3.5000603199005127,1.0
0,1250,3.8677000999450684,5.56201171875,1.0
0,1500,5.451496601104736,7.741427898406982,1.0
0,1750,7.322879791259766,10.888522624969482,1.0
0,2000,9.696084976196289,13.984297752380371,1.0
0,250,0.15026211738586426,0.2929954528808594,1.0
0,500,0.5407884120941162,0.981950044631958,1.0
0,750,1.4019813537597656,2.103908061981201,1.0
0,1000,2.4312503337860107,3.549727439880371,1.0
0,1250,3.8133950233459473,5.435083627700806,1.0
0,1500,5.475402116775513,8.025318145751953,1.0
0,1750,7.418028354644775,10.69020676612854,1.0
0,2000,9.746540546417236,13.571614742279053,1.0
0,250,0.14107275009155273,0.2709498405456543,1.0
0,500,0.6413078308105469,0.9378056526184082,1.0
0,750,1.4005601406097412,2.043242931365967,1.0
0,1000,2.4146292209625244,3.6121091842651367,1.0
0,1250,3.8134214878082275,5.661355257034302,1.0
0,1500,5.3641345500946045,7.9855358600616455,1.0
0,1750,7.38513708114624,10.44574236869812,1.0
0,2000,9.661933183670044,14.177248001098633,1.0
0,250,0.14355731010437012,0.25852465629577637,1.0
0,500,0.6234176158905029,0.9467499256134033,1.0
0,750,1.274261236190796,2.093334674835205,1.0
0,1000,2.38438081741333,3.7304420471191406,1.0
0,1250,3.8164267539978027,5.518664598464966,1.0
0,1500,5.543344259262085,7.855989694595337,1.0
0,1750,7.407344579696655,12.131782293319702,1.0
0,2000,9.632649660110474,13.952760934829712,1.0
0,250,0.14127039909362793,0.261249303817749,1.0
0,500,0.6424803733825684,0.9255654811859131,1.0
0,750,1.2997651100158691,2.1019670963287354,1.0
0,1000,2.3924202919006348,3.600616455078125,1.0
0,1250,3.698439598083496,5.4632062911987305,1.0
0,1500,5.560200452804565,7.816053628921509,1.0
0,1750,7.35534143447876,10.488238096237183,1.0
0,2000,9.656599998474121,14.308090686798096,1.0
0,250,0.1494736671447754,0.29782795906066895,1.0
0,500,0.5533101558685303,0.9987461566925049,1.0
0,750,1.3432869911193848,2.061908483505249,1.0
0,1000,2.3965094089508057,3.49413800239563,1.0
0,1250,3.9066827297210693,5.634198904037476,1.0
0,1500,5.406332731246948,7.961553573608398,1.0
0,1750,7.372732162475586,10.64500904083252,1.0
0,2000,9.62325143814087,13.6452054977417,1.0
0,250,0.17254877090454102,0.269634485244751,1.0
0,500,0.5704073905944824,0.9824492931365967,1.0
0,750,1.3993773460388184,2.068377733230591,1.0
0,1000,2.365678310394287,3.5987672805786133,1.0
0,1250,3.890118360519409,5.530291795730591,1.0
0,1500,5.3974387645721436,7.884603500366211,1.0
0,1750,7.364310264587402,10.528122425079346,1.0
0,2000,9.552611589431763,13.854479551315308,1.0
0,250,0.14480257034301758,0.279524564743042,1.0
0,500,0.5603437423706055,0.9779324531555176,1.0
0,750,1.3544552326202393,2.1052463054656982,1.0
0,1000,2.4126925468444824,3.5849316120147705,1.0
0,1250,4.228409767150879,5.513715028762817,1.0
0,1500,5.462954521179199,7.871900796890259,1.0
0,1750,7.42359733581543,10.691474914550781,1.0
0,2000,9.7413489818573,14.068153858184814,1.0
0,250,0.15442395210266113,0.27687931060791016,1.0
0,500,0.5490224361419678,0.9425125122070312,1.0
0,750,1.288254737854004,2.082064151763916,1.0
0,1000,2.4050652980804443,3.5979228019714355,1.0
0,1250,3.8095521926879883,5.415079593658447,1.0
0,1500,5.543535947799683,7.853086233139038,1.0
0,1750,7.3342506885528564,10.694526433944702,1.0
0,2000,9.843836784362793,14.20031213760376,1.0
0,250,0.16229820251464844,0.27434539794921875,1.0
0,500,0.5986177921295166,0.9855973720550537,1.0
0,750,1.3736941814422607,2.054616928100586,1.0
0,1000,2.407697916030884,3.5818238258361816,1.0
0,1250,3.8865485191345215,5.598930358886719,1.0
0,1500,5.420254707336426,8.077863454818726,1.0
0,1750,7.722758769989014,10.612928628921509,1.0
0,2000,9.718514204025269,13.70873236656189,1.0
0,250,0.14252614974975586,0.27159976959228516,1.0
0,500,0.6122274398803711,0.9487581253051758,1.0
0,750,1.3360517024993896,2.121919631958008,1.0
0,1000,2.424471378326416,3.474571943283081,1.0
0,1250,3.705019235610962,5.449064493179321,1.0
0,1500,5.479254722595215,7.844345808029175,1.0
0,1750,7.320143699645996,10.559277057647705,1.0
0,2000,9.614025592803955,13.849215269088745,1.0
0,250,0.14789986610412598,0.2850067615509033,1.0
0,500,0.5660743713378906,0.9768266677856445,1.0
0,750,1.3020820617675781,2.135744094848633,1.0
0,1000,2.409294843673706,3.492008924484253,1.0
0,1250,3.739743232727051,5.524482250213623,1.0
0,1500,5.429649829864502,7.802645206451416,1.0
0,1750,7.679963827133179,11.177412748336792,1.0
0,2000,9.755662202835083,13.84453272819519,1.0
0,250,0.14642000198364258,0.26862621307373047,1.0
0,500,0.5972070693969727,0.9602582454681396,1.0
0,750,1.4179015159606934,2.0527360439300537,1.0
0,1000,2.4270572662353516,3.794200897216797,1.0
0,1250,3.864670515060425,5.695657968521118,1.0
0,1500,5.493757963180542,7.864209175109863,1.0
0,1750,7.4874351024627686,11.32915449142456,1.0
0,2000,9.581197261810303,13.896320343017578,1.0
0,250,0.14302539825439453,0.31131839752197266,1.0
0,500,0.5455565452575684,1.0029473304748535,1.0
0,750,1.3937809467315674,2.0353903770446777,1.0
0,1000,2.501404047012329,3.5514984130859375,1.0
0,1250,3.841262102127075,5.425883531570435,1.0
0,1500,5.444284439086914,7.810418605804443,1.0
0,1750,7.374862909317017,10.782101392745972,1.0
0,2000,9.853600025177002,14.08427381515503,1.0
0,250,0.15117311477661133,0.2677605152130127,1.0
0,500,0.6232414245605469,0.9665787220001221,1.0
0,750,1.3569393157958984,2.0293195247650146,1.0
0,1000,2.3933346271514893,3.6951138973236084,1.0
0,1250,3.745450019836426,5.4758617877960205,1.0
0,1500,5.5528764724731445,9.46960163116455,1.0
0,1750,7.368612766265869,10.590059041976929,1.0
0,2000,9.830995798110962,13.905690670013428,1.0
0,250,0.18622374534606934,0.27906274795532227,1.0
0,500,0.5921123027801514,0.9863753318786621,1.0
0,750,1.367663860321045,2.097926616668701,1.0
0,1000,2.401756763458252,3.5924768447875977,1.0
0,1250,3.84019136428833,5.53234601020813,1.0
0,1500,5.433156251907349,7.7269487380981445,1.0
0,1750,7.389529705047607,10.577096223831177,1.0
0,2000,9.628997087478638,14.420124053955078,1.0
0,250,0.14319157600402832,0.27216267585754395,1.0
0,500,0.5808308124542236,0.9353737831115723,1.0
0,750,1.3407621383666992,2.080125331878662,1.0
0,1000,2.4052600860595703,3.5441806316375732,1.0
0,1250,3.7675516605377197,5.549388885498047,1.0
0,1500,5.485332489013672,7.755440950393677,1.0
0,1750,7.406000375747681,10.786803722381592,1.0
0,2000,9.848212242126465,15.166636228561401,1.0
0,250,0.1419360637664795,0.27604246139526367,1.0
0,500,0.607243537902832,0.9430782794952393,1.0
0,750,1.3145625591278076,2.101994037628174,1.0
0,1000,2.4012858867645264,3.506620168685913,1.0
0,1250,3.7498667240142822,5.483572244644165,1.0
0,1500,5.532939672470093,7.77044415473938,1.0
0,1750,7.381322383880615,10.56583571434021,1.0
0,2000,9.662147760391235,13.985568046569824,1.0
0,250,0.1441793441772461,0.27010536193847656,1.0
0,500,0.5596742630004883,0.9489164352416992,1.0
0,750,1.294586420059204,2.143842935562134,1.0
0,1000,2.417156457901001,3.7187793254852295,1.0
0,1250,3.855081558227539,5.594799280166626,1.0
0,1500,5.53767728805542,7.9167985916137695,1.0
0,1750,7.416222333908081,10.659405946731567,1.0
0,2000,9.596763610839844,14.05997347831726,1.0
0,250,0.1431441307067871,0.26726198196411133,1.0
0,500,0.6506977081298828,0.9413466453552246,1.0
0,750,1.4066379070281982,2.1350924968719482,1.0
0,1000,2.3971967697143555,3.5654361248016357,1.0
0,1250,3.817314863204956,5.447186231613159,1.0
0,1500,5.409574508666992,7.896940231323242,1.0
0,1750,7.442224025726318,10.992138862609863,1.0
0,2000,9.707597494125366,13.909187316894531,1.0
0,250,0.13685274124145508,0.2759091854095459,1.0
0,500,0.5751664638519287,0.9185118675231934,1.0
0,750,1.2789366245269775,2.0669641494750977,1.0
0,1000,2.400381088256836,3.558520555496216,1.0
0,1250,3.8087403774261475,5.550917148590088,1.0
0,1500,5.682839632034302,7.796880483627319,1.0
0,1750,7.391501188278198,10.84993052482605,1.0
0,2000,9.738318920135498,14.207621574401855,1.0
0,250,0.16855072975158691,0.2719724178314209,1.0
0,500,0.5568344593048096,0.9834718704223633,1.0
0,750,1.3845031261444092,2.0363729000091553,1.0
0,1000,2.3668248653411865,3.5284736156463623,1.0
0,1250,3.8164148330688477,5.639370918273926,1.0
0,1500,5.732796669006348,8.298552751541138,1.0
0,1750,7.41527795791626,10.876168012619019,1.0
0,2000,9.773629188537598,14.608533143997192,1.0
0,250,0.14861416816711426,0.267301082611084,1.0
0,500,0.5821068286895752,1.055462121963501,1.0
0,750,1.383718490600586,2.107933759689331,1.0
0,1000,2.3716769218444824,3.557415008544922,1.0
0,1250,3.7830350399017334,5.516112804412842,1.0
0,1500,5.445714235305786,7.9132819175720215,1.0
0,1750,7.421718120574951,10.409704446792603,1.0
0,2000,9.70114803314209,13.95236349105835,1.0
0,250,0.14198517799377441,0.2632908821105957,1.0
0,500,0.6312696933746338,0.9178812503814697,1.0
0,750,1.3623046875,2.2043850421905518,1.0
0,1000,2.477431535720825,3.7543351650238037,1.0
0,1250,3.8267922401428223,5.646177768707275,1.0
0,1500,5.488319158554077,7.712213039398193,1.0
0,1750,7.405020236968994,10.585228443145752,1.0
0,2000,9.741095066070557,15.443620443344116,1.0
0,250,0.13931894302368164,0.26145315170288086,1.0
0,500,0.6519119739532471,0.9130339622497559,1.0
0,750,1.4286789894104004,2.024733543395996,1.0
0,1000,2.409287452697754,3.522386312484741,1.0
0,1250,3.822986364364624,5.474153280258179,1.0
0,1500,5.428165674209595,7.94230580329895,1.0
0,1750,7.487107753753662,10.65385127067566,1.0
0,2000,9.615314245223999,13.718581438064575,1.0
0,250,0.14130306243896484,0.2791409492492676,1.0
0,500,0.6318588256835938,0.9399917125701904,1.0
0,750,1.3186800479888916,2.07243275642395,1.0
0,1000,2.4042630195617676,3.5506749153137207,1.0
0,1250,3.812971353530884,6.78422212600708,1.0
0,1500,5.444510459899902,7.7998926639556885,1.0
0,1750,7.594568490982056,10.769218444824219,1.0
0,2000,9.499829292297363,13.775004148483276,1.0
0,250,0.16254591941833496,0.2733724117279053,1.0
0,500,0.6242721080780029,0.9898700714111328,1.0
0,750,1.4130587577819824,2.0731165409088135,1.0
0,1000,2.407867670059204,3.58791446685791,1.0
0,1250,3.7914581298828125,5.591127157211304,1.0
0,1500,5.450154781341553,7.840001583099365,1.0
0,1750,7.364678621292114,11.094482660293579,1.0
0,2000,9.738345861434937,13.968186140060425,1.0
0,250,0.14013981819152832,0.25995779037475586,1.0
0,500,0.5989639759063721,0.9097728729248047,1.0
0,750,1.2764952182769775,2.0711066722869873,1.0
0,1000,2.3917908668518066,3.5614616870880127,1.0
0,1250,3.78664231300354,5.500560283660889,1.0
0,1500,5.6015825271606445,7.919355154037476,1.0
0,1750,7.50966477394104,10.73760175704956,1.0
0,2000,9.675199031829834,13.667407989501953,1.0
0,250,0.14089608192443848,0.26682257652282715,1.0
0,500,0.5507869720458984,0.9877192974090576,1.0
0,750,1.3286197185516357,2.024120569229126,1.0
0,1000,2.4020726680755615,3.570833206176758,1.0
0,1250,3.8229496479034424,5.404926538467407,1.0
0,1500,5.544978618621826,7.862318277359009,1.0
0,1750,7.4015326499938965,10.782054424285889,1.0
0,2000,9.802163124084473,14.497648000717163,1.0
0,250,0.1703205108642578,0.28883934020996094,1.0
0,500,0.6378076076507568,0.9376792907714844,1.0
0,750,1.404170274734497,2.0501325130462646,1.0
0,1000,2.433415174484253,3.5753893852233887,1.0
0,1250,3.8247547149658203,6.5131025314331055,1.0
0,1500,6.439358949661255,9.951359748840332,1.0
0,1750,8.780256748199463,12.469844102859497,1.0
0,2000,9.632922887802124,13.846758842468262,1.0
0,250,0.1391448974609375,0.25363993644714355,1.0
0,500,0.5670337677001953,0.9591898918151855,1.0
0,750,1.2840697765350342,2.025343418121338,1.0
0,1000,2.409517765045166,3.611873149871826,1.0
0,1250,3.8934831619262695,5.532062768936157,1.0
0,1500,5.4691081047058105,7.917560815811157,1.0
0,1750,7.312732696533203,10.624264240264893,1.0
0,2000,9.822224140167236,14.347833156585693,1.0
0,250,0.1748640537261963,0.28789472579956055,1.0
0,500,0.6080269813537598,0.9902746677398682,1.0
0,750,1.4565842151641846,2.2203800678253174,1.0
0,1000,2.46439790725708,3.510809898376465,1.0
0,1250,3.881647825241089,5.396902084350586,1.0
0,1500,5.442049264907837,7.957836627960205,1.0
0,1750,7.503185272216797,10.670997858047485,1.0
0,2000,9.749530792236328,13.801982402801514,1.0
0,250,0.13879179954528809,0.27986907958984375,1.0
0,500,0.5679426193237305,0.9719827175140381,1.0
0,750,1.2929754257202148,2.0727345943450928,1.0
0,1000,2.4024877548217773,3.4902637004852295,1.0
0,1250,3.7451207637786865,5.587057590484619,1.0
0,1500,5.601179838180542,8.096612453460693,1.0
0,1750,7.369188070297241,11.028087615966797,1.0
0,2000,9.699081420898438,14.056732654571533,1.0
0,250,0.14546847343444824,0.28237223625183105,1.0
0,500,0.6147315502166748,0.944023609161377,1.0
0,750,1.3638222217559814,2.3761208057403564,1.0
0,1000,2.5185816287994385,4.028003692626953,1.0
0,1250,3.731517791748047,5.612389326095581,1.0
0,1500,5.558372735977173,7.757379770278931,1.0
0,1750,7.327625036239624,10.63349199295044,1.0
0,2000,9.75775957107544,13.772716760635376,1.0
0,250,0.13999700546264648,0.2795705795288086,1.0
0,500,0.5809741020202637,0.9440112113952637,1.0
0,750,1.3262250423431396,2.0269360542297363,1.0
0,1000,2.374182939529419,3.5437536239624023,1.0
0,1250,3.874631404876709,5.484034538269043,1.0
0,1500,5.564178466796875,8.04862666130066,1.0
0,1750,7.364153146743774,10.966279983520508,1.0
0,2000,9.87502646446228,14.03907322883606,1.0
0,250,0.14991140365600586,0.26853108406066895,1.0
0,500,0.6628079414367676,0.9197840690612793,1.0
0,750,1.3524630069732666,2.0794146060943604,1.0
0,1000,2.3832626342773438,3.5345675945281982,1.0
0,1250,3.835975408554077,5.444432020187378,1.0
0,1500,5.386183500289917,7.962169170379639,1.0
0,1750,7.49147629737854,10.841099262237549,1.0
0,2000,9.72644329071045,15.263994216918945,1.0
0,250,0.21778535842895508,0.29192137718200684,1.0
0,500,0.6555421352386475,0.9155020713806152,1.0
0,750,1.4374842643737793,2.067599058151245,1.0
0,1000,2.46199631690979,3.576432704925537,1.0
0,1250,3.7481331825256348,5.571041584014893,1.0
0,1500,5.487218856811523,7.802119731903076,1.0
0,1750,7.499451637268066,10.768489599227905,1.0
0,2000,9.779967308044434,14.11165738105774,1.0
0,250,0.14103245735168457,0.2928345203399658,1.0
0,500,0.5531346797943115,0.9421772956848145,1.0
0,750,1.2968227863311768,2.2176835536956787,1.0
0,1000,2.406686305999756,3.584888219833374,1.0
0,1250,3.897878408432007,5.420658111572266,1.0
0,1500,5.521586179733276,8.295556783676147,1.0
0,1750,7.325765609741211,10.520579099655151,1.0
0,2000,9.653404712677002,13.670347929000854,1.0
0,250,0.14599895477294922,0.2854633331298828,1.0
0,500,0.5436840057373047,1.0064408779144287,1.0
0,750,1.3871934413909912,2.0919337272644043,1.0
0,1000,2.439570903778076,3.6667075157165527,1.0
0,1250,3.8181612491607666,5.634693384170532,1.0
0,1500,5.424951791763306,7.869765043258667,1.0
0,1750,7.3419060707092285,10.454143524169922,1.0
0,2000,9.723681688308716,13.784343242645264,1.0
0,250,0.1446988582611084,0.27150917053222656,1.0
0,500,0.639007568359375,0.9379093647003174,1.0
0,750,1.381469964981079,2.0488109588623047,1.0
0,1000,2.3864569664001465,3.5762338638305664,1.0
0,1250,3.812798261642456,5.535585641860962,1.0
0,1500,5.46792197227478,7.981433391571045,1.0
0,1750,7.525458335876465,10.99219012260437,1.0
0,2000,9.622685432434082,13.940249681472778,1.0
0,250,0.14432811737060547,0.2826688289642334,1.0
0,500,0.547379732131958,0.9413740634918213,1.0
0,750,1.3706223964691162,2.0842902660369873,1.0
0,1000,2.388993263244629,3.514211893081665,1.0
0,1250,3.8243777751922607,5.736692905426025,1.0
0,1500,5.534603595733643,7.946342706680298,1.0
0,1750,7.379022121429443,10.684433937072754,1.0
0,2000,9.77752137184143,14.14531660079956,1.0
0,250,0.17544937133789062,0.2701711654663086,1.0
0,500,0.6679677963256836,0.9660763740539551,1.0
0,750,1.3346571922302246,2.041806936264038,1.0
0,1000,2.4123618602752686,3.590522050857544,1.0
0,1250,3.830181837081909,5.5288472175598145,1.0
0,1500,5.446627378463745,7.912966966629028,1.0
0,1750,7.511155366897583,10.58791470527649,1.0
0,2000,9.596946716308594,14.18557071685791,1.0
0,250,0.14599871635437012,0.26569175720214844,1.0
0,500,0.5537159442901611,0.9573965072631836,1.0
0,750,1.2990307807922363,2.043100357055664,1.0
0,1000,2.412649631500244,3.4918324947357178,1.0
0,1250,3.765129327774048,5.500118017196655,1.0
0,1500,5.473030090332031,7.685307025909424,1.0
0,1750,7.547746896743774,11.03816843032837,1.0
0,2000,9.651844024658203,14.268486499786377,1.0
