n_particles,direct_slow,direct_fast,vectorized_slow,vectorized_fast,direct_parallel
250,0.27597880363464355,0.005324602127075195,0.008297920227050781,0.005842685699462891,0.0006783008575439453
250,0.24367260932922363,0.005861043930053711,0.004196643829345703,0.009653806686401367,0.0006470680236816406
250,0.24261808395385742,0.006618976593017578,0.005777597427368164,0.010506629943847656,0.0005891323089599609
250,0.24229812622070312,0.005431652069091797,0.005088329315185547,0.009656906127929688,0.000560760498046875
250,0.25821781158447266,0.005097150802612305,0.004649639129638672,0.006438493728637695,0.0005910396575927734
250,0.24122262001037598,0.005572795867919922,0.003606081008911133,0.0063211917877197266,0.0006012916564941406
250,0.24191856384277344,0.005001068115234375,0.0035376548767089844,0.008496284484863281,0.0006148815155029297
250,0.24518251419067383,0.005026102066040039,0.003509998321533203,0.006911039352416992,0.0005974769592285156
250,0.2702445983886719,0.005112409591674805,0.0044193267822265625,0.008228302001953125,0.0006377696990966797
250,0.24829816818237305,0.0050389766693115234,0.003624439239501953,0.006839752197265625,0.0005609989166259766
250,0.24286389350891113,0.0050241947174072266,0.0034885406494140625,0.007178068161010742,0.0005946159362792969
250,0.2433178424835205,0.0051081180572509766,0.0035851001739501953,0.006285667419433594,0.0005638599395751953
250,0.24313926696777344,0.005278825759887695,0.003696918487548828,0.0062770843505859375,0.0007715225219726562
250,0.24674510955810547,0.005061626434326172,0.003604412078857422,0.006252765655517578,0.0008645057678222656
250,0.2417898178100586,0.005005836486816406,0.0035669803619384766,0.006206512451171875,0.0008263587951660156
250,0.24697470664978027,0.005130290985107422,0.003601551055908203,0.008505821228027344,0.0007410049438476562
250,0.24309611320495605,0.005051612854003906,0.003578662872314453,0.009575366973876953,0.0006871223449707031
250,0.2724606990814209,0.005059480667114258,0.0037698745727539062,0.006659746170043945,0.0007908344268798828
250,0.24365878105163574,0.00522160530090332,0.0035643577575683594,0.006382942199707031,0.0007793903350830078
250,0.25268006324768066,0.005083322525024414,0.0037441253662109375,0.00627899169921875,0.0005640983581542969
250,0.2416553497314453,0.005057334899902344,0.0052411556243896484,0.006379604339599609,0.0006937980651855469
250,0.24407529830932617,0.0051271915435791016,0.005251407623291016,0.0070683956146240234,0.0005748271942138672
250,0.24144411087036133,0.0050029754638671875,0.004659891128540039,0.009580135345458984,0.000598907470703125
250,0.243239164352417,0.005012035369873047,0.0058057308197021484,0.007708311080932617,0.0007166862487792969
250,0.2450871467590332,0.005082845687866211,0.004826545715332031,0.00630950927734375,0.0008652210235595703
250,0.2565157413482666,0.0050199031829833984,0.0044825077056884766,0.006219387054443359,0.0006000995635986328
250,0.27141666412353516,0.005004405975341797,0.0040814876556396484,0.006211757659912109,0.0005466938018798828
250,0.24323320388793945,0.00519871711730957,0.003807544708251953,0.006143808364868164,0.0005993843078613281
250,0.24445486068725586,0.005039691925048828,0.004705667495727539,0.006199359893798828,0.0008502006530761719
250,0.24249815940856934,0.005017280578613281,0.004229307174682617,0.006243705749511719,0.0005359649658203125
250,0.24221110343933105,0.0050928592681884766,0.005276679992675781,0.005939960479736328,0.0005249977111816406
250,0.2414085865020752,0.005043983459472656,0.005380153656005859,0.006152153015136719,0.0005252361297607422
250,0.24714159965515137,0.005013465881347656,0.00525975227355957,0.006129026412963867,0.0005502700805664062
250,0.24949240684509277,0.00508570671081543,0.005161285400390625,0.005966901779174805,0.00058746337890625
250,0.29950857162475586,0.005064249038696289,0.005017280578613281,0.005938529968261719,0.0005903244018554688
250,0.29772424697875977,0.00500798225402832,0.005806684494018555,0.0057218074798583984,0.0006084442138671875
250,0.25989341735839844,0.0050144195556640625,0.005168914794921875,0.00592494010925293,0.0005590915679931641
250,0.25542354583740234,0.005120515823364258,0.0049664974212646484,0.005896568298339844,0.0005974769592285156
250,0.2490835189819336,0.005003690719604492,0.004228830337524414,0.005766868591308594,0.0005512237548828125
250,0.2499523162841797,0.005022525787353516,0.005153179168701172,0.005828380584716797,0.0005369186401367188
250,0.24388813972473145,0.005010843276977539,0.004831552505493164,0.0057294368743896484,0.0006170272827148438
250,0.24057316780090332,0.0050203800201416016,0.005247354507446289,0.005777597427368164,0.0006089210510253906
250,0.2737720012664795,0.005019664764404297,0.005760908126831055,0.005671977996826172,0.00055694580078125
250,0.28819704055786133,0.005098581314086914,0.004640817642211914,0.005693197250366211,0.0005640983581542969
250,0.25294971466064453,0.0050165653228759766,0.004011631011962891,0.005834341049194336,0.0008099079132080078
250,0.2527620792388916,0.0050504207611083984,0.004047393798828125,0.005734920501708984,0.0008215904235839844
250,0.24268269538879395,0.005055427551269531,0.004381656646728516,0.005707502365112305,0.0009725093841552734
250,0.24387407302856445,0.005044698715209961,0.0037882328033447266,0.005809307098388672,0.0006051063537597656
250,0.2537364959716797,0.005051136016845703,0.003986358642578125,0.0058405399322509766,0.0006113052368164062
250,0.24509978294372559,0.005125999450683594,0.005107879638671875,0.005719900131225586,0.0005898475646972656
250,0.2504086494445801,0.005008220672607422,0.004839181900024414,0.005999565124511719,0.0005786418914794922
250,0.26668643951416016,0.005063533782958984,0.004801034927368164,0.005837440490722656,0.0006177425384521484
250,0.25796031951904297,0.005032777786254883,0.005014657974243164,0.005733966827392578,0.0005486011505126953
250,0.27852630615234375,0.005072593688964844,0.004778146743774414,0.0058438777923583984,0.0005905628204345703
250,0.2753331661224365,0.0050182342529296875,0.004602670669555664,0.005759716033935547,0.0005893707275390625
250,0.2772634029388428,0.00507044792175293,0.0065097808837890625,0.005833864212036133,0.0005495548248291016
250,0.26524853706359863,0.0050623416900634766,0.004832267761230469,0.00580906867980957,0.0005807876586914062
250,0.2549431324005127,0.005040884017944336,0.004696369171142578,0.005724668502807617,0.0005478858947753906
250,0.2563815116882324,0.005029439926147461,0.00465083122253418,0.005846738815307617,0.0006070137023925781
250,0.26879119873046875,0.005091428756713867,0.00472259521484375,0.005723237991333008,0.0005326271057128906
250,0.2750973701477051,0.005023956298828125,0.0046384334564208984,0.0057489871978759766,0.0005366802215576172
250,0.26737022399902344,0.005045413970947266,0.01142573356628418,0.005790233612060547,0.0005438327789306641
250,0.264984130859375,0.005094289779663086,0.005236625671386719,0.005771160125732422,0.0005719661712646484
250,0.24602580070495605,0.0050275325775146484,0.0035026073455810547,0.0057468414306640625,0.0005886554718017578
250,0.24651622772216797,0.005036354064941406,0.007546901702880859,0.0059316158294677734,0.0005526542663574219
250,0.246138334274292,0.005129337310791016,0.003754854202270508,0.0059587955474853516,0.0006275177001953125
250,0.26154661178588867,0.005030155181884766,0.0036110877990722656,0.005822181701660156,0.0005407333374023438
250,0.24822616577148438,0.005038738250732422,0.003583669662475586,0.005772829055786133,0.0005867481231689453
250,0.2692413330078125,0.005044698715209961,0.0036094188690185547,0.005745649337768555,0.0005922317504882812
250,0.24313759803771973,0.005118608474731445,0.0036287307739257812,0.0058135986328125,0.0008900165557861328
250,0.25035858154296875,0.005010366439819336,0.0035042762756347656,0.005778074264526367,0.0012011528015136719
250,0.2415142059326172,0.005021333694458008,0.0035042762756347656,0.005726814270019531,0.0007505416870117188
250,0.244032621383667,0.0051462650299072266,0.003572225570678711,0.005947113037109375,0.0005712509155273438
250,0.24210166931152344,0.005026340484619141,0.0034563541412353516,0.005791664123535156,0.0005502700805664062
250,0.3066377639770508,0.005014181137084961,0.0034711360931396484,0.00574946403503418,0.0006368160247802734
250,0.2502727508544922,0.005067110061645508,0.003560304641723633,0.006000995635986328,0.0006017684936523438
250,0.2784688472747803,0.0050046443939208984,0.0035691261291503906,0.005864143371582031,0.0005905628204345703
250,0.25241732597351074,0.005079746246337891,0.0035343170166015625,0.005833148956298828,0.0005431175231933594
250,0.2418060302734375,0.005144596099853516,0.003719806671142578,0.0058650970458984375,0.0005166530609130859
250,0.24263501167297363,0.00501251220703125,0.003535747528076172,0.005912065505981445,0.0005712509155273438
250,0.2403707504272461,0.005022525787353516,0.0035088062286376953,0.006634950637817383,0.0005686283111572266
250,0.24100899696350098,0.005164623260498047,0.0035037994384765625,0.006554126739501953,0.0005538463592529297
250,0.25275349617004395,0.005038022994995117,0.0034437179565429688,0.006364345550537109,0.0006313323974609375
250,0.24642157554626465,0.005046844482421875,0.0035398006439208984,0.006328105926513672,0.0005352497100830078
250,0.24161481857299805,0.005093097686767578,0.0034542083740234375,0.006461381912231445,0.0005674362182617188
250,0.28223490715026855,0.005051374435424805,0.0034685134887695312,0.0074443817138671875,0.0005497932434082031
250,0.24303007125854492,0.005033969879150391,0.004670858383178711,0.008501052856445312,0.0009810924530029297
250,0.2471020221710205,0.00511932373046875,0.004618167877197266,0.006919145584106445,0.0005686283111572266
250,0.24627900123596191,0.005066871643066406,0.0046422481536865234,0.0066606998443603516,0.0005528926849365234
250,0.2609879970550537,0.005015373229980469,0.004601478576660156,0.006558656692504883,0.0005850791931152344
250,0.24738144874572754,0.005033254623413086,0.004635810852050781,0.00661015510559082,0.0005371570587158203
250,0.2658259868621826,0.005282878875732422,0.00471043586730957,0.006462574005126953,0.0005528926849365234
250,0.24379491806030273,0.005016803741455078,0.003751516342163086,0.006563901901245117,0.0005886554718017578
250,0.2649564743041992,0.005032777786254883,0.0035028457641601562,0.006494998931884766,0.0005826950073242188
250,0.25214409828186035,0.005105018615722656,0.0034894943237304688,0.00697779655456543,0.0005791187286376953
250,0.2541382312774658,0.0050008296966552734,0.0035262107849121094,0.005987405776977539,0.0007233619689941406
250,0.24310588836669922,0.005068778991699219,0.003611326217651367,0.0058519840240478516,0.0008790493011474609
250,0.24154233932495117,0.005102872848510742,0.0035889148712158203,0.005966901779174805,0.0006225109100341797
250,0.24311399459838867,0.005026578903198242,0.003468036651611328,0.00576472282409668,0.0005459785461425781
250,0.25699281692504883,0.005046367645263672,0.003484010696411133,0.005846261978149414,0.000644683837890625
500,1.026165246963501,0.02280592918395996,0.027075767517089844,0.046332597732543945,0.0020143985748291016
500,1.0418953895568848,0.022547245025634766,0.020938634872436523,0.03338623046875,0.0018773078918457031
500,1.0795907974243164,0.022748231887817383,0.023044109344482422,0.04608559608459473,0.0019316673278808594
500,1.0399739742279053,0.022040367126464844,0.020985126495361328,0.035888671875,0.0019965171813964844
500,1.2561094760894775,0.0217435359954834,0.01913285255432129,0.038742780685424805,0.0022439956665039062
500,1.035895824432373,0.02194976806640625,0.018727540969848633,0.030794143676757812,0.0020041465759277344
500,1.0413908958435059,0.021613359451293945,0.019005537033081055,0.029676437377929688,0.0023937225341796875
500,1.0071232318878174,0.02169489860534668,0.019535064697265625,0.02978372573852539,0.0028989315032958984
500,1.0164294242858887,0.021117687225341797,0.019591808319091797,0.028119325637817383,0.002276182174682617
500,0.9834949970245361,0.020869016647338867,0.01983165740966797,0.027746915817260742,0.0019123554229736328
500,0.9995372295379639,0.020781278610229492,0.019919633865356445,0.026683807373046875,0.0020117759704589844
500,0.9854898452758789,0.020503759384155273,0.019777297973632812,0.026719093322753906,0.0016396045684814453
500,1.0039784908294678,0.020287513732910156,0.020014047622680664,0.02630901336669922,0.0018811225891113281
500,0.99713134765625,0.020438432693481445,0.020237207412719727,0.026210308074951172,0.0018401145935058594
500,0.9752838611602783,0.020397663116455078,0.021344423294067383,0.026110172271728516,0.0019135475158691406
500,1.0079915523529053,0.020474910736083984,0.020480871200561523,0.026970624923706055,0.0023093223571777344
500,0.992332935333252,0.020450353622436523,0.020351409912109375,0.02527022361755371,0.0025200843811035156
500,1.0040135383605957,0.021073579788208008,0.020329713821411133,0.026246309280395508,0.0018911361694335938
500,0.9741079807281494,0.02029275894165039,0.024706125259399414,0.026599884033203125,0.0017299652099609375
500,1.0422313213348389,0.020249128341674805,0.019656896591186523,0.025437116622924805,0.0018646717071533203
500,0.9832851886749268,0.020363807678222656,0.019473791122436523,0.02492690086364746,0.0018749237060546875
500,1.0072999000549316,0.02020263671875,0.023317337036132812,0.024827003479003906,0.0019338130950927734
500,0.9834721088409424,0.021776676177978516,0.02264261245727539,0.0250399112701416,0.001969575881958008
500,1.0413167476654053,0.02089691162109375,0.025803804397583008,0.024619579315185547,0.0019202232360839844
500,0.9736731052398682,0.020382165908813477,0.02621603012084961,0.025035381317138672,0.0026192665100097656
500,1.0004937648773193,0.020453691482543945,0.02608966827392578,0.024601459503173828,0.0017976760864257812
500,0.9794847965240479,0.020664691925048828,0.02255105972290039,0.025182008743286133,0.0018641948699951172
500,0.9968109130859375,0.020372629165649414,0.022592544555664062,0.024925947189331055,0.0020339488983154297
500,1.0012118816375732,0.020558834075927734,0.021927595138549805,0.025531768798828125,0.0021157264709472656
500,0.9829397201538086,0.020289897918701172,0.02043914794921875,0.025082111358642578,0.0019190311431884766
500,1.0105571746826172,0.020233869552612305,0.027421951293945312,0.02479243278503418,0.0018453598022460938
500,0.9860146045684814,0.020305156707763672,0.024840831756591797,0.02509164810180664,0.0018150806427001953
500,1.0213451385498047,0.02016472816467285,0.02752828598022461,0.02528548240661621,0.0022704601287841797
500,0.9646255970001221,0.020386219024658203,0.025256872177124023,0.024437427520751953,0.0017287731170654297
500,1.0223355293273926,0.02033710479736328,0.025844335556030273,0.02540302276611328,0.0017027854919433594
500,0.9766809940338135,0.020395755767822266,0.0214540958404541,0.024720430374145508,0.0018727779388427734
500,1.0093600749969482,0.020508527755737305,0.02168560028076172,0.025337934494018555,0.0020542144775390625
500,0.9662251472473145,0.020506620407104492,0.023598670959472656,0.024463891983032227,0.0019388198852539062
500,1.0335955619812012,0.0202791690826416,0.0280454158782959,0.0265195369720459,0.001615285873413086
500,0.9798362255096436,0.020222902297973633,0.027502775192260742,0.025382518768310547,0.001832723617553711
500,0.9843618869781494,0.020194053649902344,0.022346019744873047,0.027546405792236328,0.0016565322875976562
500,0.9972124099731445,0.020128250122070312,0.02065896987915039,0.027657270431518555,0.0017206668853759766
500,0.9969193935394287,0.02017045021057129,0.019919395446777344,0.02727198600769043,0.0017819404602050781
500,1.0040903091430664,0.02061605453491211,0.023342370986938477,0.02671980857849121,0.0017559528350830078
500,0.9893579483032227,0.02026534080505371,0.02031993865966797,0.025773286819458008,0.002039194107055664
500,1.0009303092956543,0.020282745361328125,0.020456790924072266,0.025833606719970703,0.0018391609191894531
500,1.00087571144104,0.020227670669555664,0.020587682723999023,0.025687217712402344,0.0020940303802490234
500,1.019869089126587,0.021538257598876953,0.02097606658935547,0.02529597282409668,0.0019497871398925781
500,0.9879333972930908,0.02317047119140625,0.02084827423095703,0.025149822235107422,0.001657247543334961
500,1.01407790184021,0.02195453643798828,0.02629852294921875,0.02461981773376465,0.002006053924560547
500,0.9801337718963623,0.020552396774291992,0.02103400230407715,0.02492237091064453,0.0017330646514892578
500,1.0132765769958496,0.020730972290039062,0.020969390869140625,0.025474071502685547,0.0017178058624267578
500,0.9902126789093018,0.020465612411499023,0.020891666412353516,0.026859521865844727,0.002076387405395508
500,0.9885187149047852,0.020377397537231445,0.020971298217773438,0.025020122528076172,0.0017070770263671875
500,1.0143773555755615,0.020319223403930664,0.02155137062072754,0.025347232818603516,0.001714468002319336
500,1.0331518650054932,0.021285057067871094,0.021426677703857422,0.02515697479248047,0.0017304420471191406
500,1.0640442371368408,0.02068614959716797,0.027021408081054688,0.02524256706237793,0.0019016265869140625
500,1.0241100788116455,0.020264148712158203,0.028477907180786133,0.02683711051940918,0.0016875267028808594
500,1.0411243438720703,0.02017688751220703,0.023640155792236328,0.02934718132019043,0.0016398429870605469
500,1.0282177925109863,0.020216703414916992,0.022797346115112305,0.02602219581604004,0.0018570423126220703
500,1.1101148128509521,0.020241498947143555,0.03064703941345215,0.025486230850219727,0.0018191337585449219
500,1.0402874946594238,0.020281553268432617,0.028306245803833008,0.025802135467529297,0.0016913414001464844
500,1.0687649250030518,0.020121097564697266,0.029831647872924805,0.024439096450805664,0.0020236968994140625
500,1.0289947986602783,0.020568132400512695,0.02193474769592285,0.02500176429748535,0.002052783966064453
500,1.0548632144927979,0.021916866302490234,0.024448156356811523,0.02565932273864746,0.0017032623291015625
500,1.0300209522247314,0.022282123565673828,0.023319005966186523,0.02484130859375,0.0019452571868896484
500,1.0461840629577637,0.02202296257019043,0.022071123123168945,0.026545286178588867,0.002040386199951172
500,1.0450563430786133,0.022865772247314453,0.021452903747558594,0.02481818199157715,0.001852273941040039
500,1.0246260166168213,0.021704435348510742,0.021671772003173828,0.025877714157104492,0.0018723011016845703
500,1.0276412963867188,0.020635604858398438,0.021657705307006836,0.025013208389282227,0.001970529556274414
500,1.0573549270629883,0.021393537521362305,0.021498918533325195,0.025831937789916992,0.0017619132995605469
500,1.0446717739105225,0.021406888961791992,0.022225618362426758,0.0288543701171875,0.002021312713623047
500,1.0210087299346924,0.020660400390625,0.021680355072021484,0.028482913970947266,0.001856088638305664
500,1.0284912586212158,0.02022552490234375,0.0217897891998291,0.02783823013305664,0.001703500747680664
500,1.054816484451294,0.0202333927154541,0.0215456485748291,0.028006792068481445,0.0017380714416503906
500,1.037050724029541,0.02034592628479004,0.021494150161743164,0.028593778610229492,0.0018656253814697266
500,1.0246665477752686,0.02064371109008789,0.02132439613342285,0.029181480407714844,0.0018095970153808594
500,1.0607373714447021,0.02042078971862793,0.02163100242614746,0.02705216407775879,0.002098560333251953
500,1.0253138542175293,0.020315170288085938,0.02118849754333496,0.02763986587524414,0.0020945072174072266
500,1.0520203113555908,0.020268678665161133,0.021454334259033203,0.0273745059967041,0.0019345283508300781
500,1.0102717876434326,0.020207881927490234,0.022200584411621094,0.027693986892700195,0.002076387405395508
500,1.06777024269104,0.020221948623657227,0.02153778076171875,0.026873111724853516,0.0016913414001464844
500,1.0159032344818115,0.020202159881591797,0.02206563949584961,0.026764631271362305,0.0021102428436279297
500,1.0341565608978271,0.02024221420288086,0.022869586944580078,0.02618265151977539,0.0016906261444091797
500,0.995927095413208,0.02024078369140625,0.0259552001953125,0.02604842185974121,0.002082347869873047
500,1.0875470638275146,0.020379066467285156,0.029033660888671875,0.025484085083007812,0.001986980438232422
500,1.0028181076049805,0.020172119140625,0.025589942932128906,0.025699615478515625,0.001882314682006836
500,1.068424940109253,0.020411014556884766,0.026568889617919922,0.025655508041381836,0.002150297164916992
500,1.0274653434753418,0.020213603973388672,0.02832627296447754,0.02504253387451172,0.0019576549530029297
500,1.0566229820251465,0.020213842391967773,0.030323266983032227,0.025202035903930664,0.001958131790161133
500,1.0003337860107422,0.020153045654296875,0.02964329719543457,0.02463555335998535,0.0017657279968261719
500,1.065375804901123,0.020578384399414062,0.03223609924316406,0.024468183517456055,0.0017807483673095703
500,1.022977352142334,0.02037334442138672,0.03488039970397949,0.024991989135742188,0.0018570423126220703
500,1.0562081336975098,0.022802352905273438,0.030725717544555664,0.024526119232177734,0.0017855167388916016
500,1.0198776721954346,0.02219104766845703,0.026363372802734375,0.025145530700683594,0.0021119117736816406
500,1.0978643894195557,0.026335477828979492,0.02342081069946289,0.02604508399963379,0.0019383430480957031
500,1.0129437446594238,0.0233612060546875,0.02239227294921875,0.027037620544433594,0.0019693374633789062
500,1.0522549152374268,0.023382902145385742,0.023145675659179688,0.02811717987060547,0.0019426345825195312
500,1.0207054615020752,0.022215604782104492,0.022304534912109375,0.025427579879760742,0.0019948482513427734
500,1.0631580352783203,0.0212252140045166,0.02383708953857422,0.02530527114868164,0.002803325653076172
750,2.34781551361084,0.052985191345214844,0.05218338966369629,0.08998274803161621,0.003535032272338867
750,2.3298237323760986,0.052667856216430664,0.04532122611999512,0.09254312515258789,0.0040874481201171875
750,2.341197967529297,0.05322074890136719,0.03861665725708008,0.07851624488830566,0.0052378177642822266
750,2.3591554164886475,0.055586814880371094,0.036718130111694336,0.07191824913024902,0.004611492156982422
750,2.391442060470581,0.049950361251831055,0.0367889404296875,0.067962646484375,0.004692554473876953
750,2.372791051864624,0.0494384765625,0.03721809387207031,0.0667562484741211,0.0044574737548828125
750,2.3381764888763428,0.0496068000793457,0.04331254959106445,0.06448745727539062,0.004716157913208008
750,2.3384785652160645,0.05528974533081055,0.04060959815979004,0.06920528411865234,0.0040433406829833984
750,2.338655710220337,0.04932665824890137,0.039354801177978516,0.07866239547729492,0.0040912628173828125
750,2.3296303749084473,0.04852724075317383,0.0386357307434082,0.06521058082580566,0.003791332244873047
750,2.3236277103424072,0.04866361618041992,0.04807615280151367,0.0702359676361084,0.004929780960083008
750,2.347175121307373,0.04712820053100586,0.04788613319396973,0.06172585487365723,0.0038175582885742188
750,2.333766460418701,0.04619193077087402,0.04040217399597168,0.061435699462890625,0.0037419795989990234
750,2.3438403606414795,0.04765653610229492,0.046334266662597656,0.06081700325012207,0.0034449100494384766
750,2.344710350036621,0.046694278717041016,0.04237937927246094,0.06160330772399902,0.004347085952758789
750,2.3609657287597656,0.045615434646606445,0.038716793060302734,0.06420302391052246,0.003932952880859375
750,2.404996395111084,0.047492265701293945,0.04825091361999512,0.06275558471679688,0.0034363269805908203
750,2.324615716934204,0.047068119049072266,0.0509028434753418,0.07686281204223633,0.0038907527923583984
750,2.350400924682617,0.04642438888549805,0.05149245262145996,0.06722211837768555,0.0037870407104492188
750,2.355813503265381,0.04713320732116699,0.051244258880615234,0.06729602813720703,0.003621816635131836
750,2.3433220386505127,0.050229549407958984,0.05127143859863281,0.06480646133422852,0.0037717819213867188
750,2.348583221435547,0.04601931571960449,0.04305267333984375,0.06319212913513184,0.003923892974853516
750,2.3666367530822754,0.04791569709777832,0.05102944374084473,0.06368446350097656,0.004300832748413086
750,2.483160972595215,0.04554581642150879,0.04108572006225586,0.06360721588134766,0.0042841434478759766
750,2.357170820236206,0.046163082122802734,0.04689621925354004,0.06503415107727051,0.0039784908294677734
750,2.3346803188323975,0.04547834396362305,0.041025638580322266,0.06536459922790527,0.0035784244537353516
750,2.3473610877990723,0.048072099685668945,0.044409751892089844,0.061232805252075195,0.004277229309082031
750,2.389951467514038,0.04660439491271973,0.050209760665893555,0.06125760078430176,0.0042569637298583984
750,2.542884349822998,0.04601764678955078,0.05530214309692383,0.0600130558013916,0.003771543502807617
750,2.3507349491119385,0.0462801456451416,0.05804038047790527,0.05992746353149414,0.004305124282836914
750,2.361156702041626,0.04562807083129883,0.04293704032897949,0.0635366439819336,0.004539966583251953
750,2.353276491165161,0.047243595123291016,0.04611825942993164,0.06110334396362305,0.0038051605224609375
750,2.296510934829712,0.0468897819519043,0.05243873596191406,0.061242103576660156,0.003936052322387695
750,2.343240976333618,0.04662179946899414,0.04306936264038086,0.06331586837768555,0.004338741302490234
750,2.322572708129883,0.04647564888000488,0.046911001205444336,0.06095242500305176,0.004079580307006836
750,2.3670806884765625,0.046225786209106445,0.04227423667907715,0.06114315986633301,0.003452777862548828
750,2.344075918197632,0.05439400672912598,0.05553913116455078,0.06121659278869629,0.0035448074340820312
750,2.361086845397949,0.047592878341674805,0.04820513725280762,0.061286211013793945,0.004163503646850586
750,2.372250556945801,0.04624772071838379,0.056206703186035156,0.06350469589233398,0.003722667694091797
750,2.3654937744140625,0.04678940773010254,0.04793810844421387,0.06093096733093262,0.004136800765991211
750,2.3241684436798096,0.05010843276977539,0.05567312240600586,0.07334589958190918,0.004106044769287109
750,2.324442148208618,0.05435037612915039,0.056978464126586914,0.06930351257324219,0.004322052001953125
750,2.350041627883911,0.04939842224121094,0.05487632751464844,0.0635228157043457,0.004326343536376953
750,2.3425517082214355,0.04636645317077637,0.04704999923706055,0.06233811378479004,0.003911018371582031
750,2.317250967025757,0.045583486557006836,0.0427403450012207,0.060513973236083984,0.003911495208740234
750,2.3651480674743652,0.04730963706970215,0.0433955192565918,0.06136894226074219,0.0043261051177978516
750,2.327129364013672,0.05672192573547363,0.04396224021911621,0.06329512596130371,0.0040857791900634766
750,2.357491970062256,0.07328653335571289,0.0516817569732666,0.06212353706359863,0.003556966781616211
750,2.344752311706543,0.049271345138549805,0.055377960205078125,0.061044931411743164,0.0041005611419677734
750,2.3567187786102295,0.048691511154174805,0.05465221405029297,0.06179523468017578,0.004125118255615234
750,2.385300397872925,0.048250436782836914,0.04459786415100098,0.06118583679199219,0.003803730010986328
750,2.3378684520721436,0.04894828796386719,0.055512428283691406,0.06232786178588867,0.0045261383056640625
750,2.346252202987671,0.04718303680419922,0.057176828384399414,0.07718300819396973,0.004081249237060547
750,2.3764984607696533,0.04705214500427246,0.051523685455322266,0.0747678279876709,0.004342317581176758
750,2.3400535583496094,0.04566478729248047,0.05248403549194336,0.06172323226928711,0.004124641418457031
750,2.354724884033203,0.045462608337402344,0.054325103759765625,0.06169271469116211,0.004102945327758789
750,2.61588454246521,0.046120643615722656,0.04950213432312012,0.0609281063079834,0.0045185089111328125
750,6.038724899291992,0.04771161079406738,0.054615020751953125,0.06088852882385254,0.0040929317474365234
750,3.435065507888794,0.04738783836364746,0.04459547996520996,0.06166863441467285,0.0036907196044921875
750,2.893414258956909,0.052735090255737305,0.04288840293884277,0.06194043159484863,0.003519773483276367
750,2.8318817615509033,0.0521855354309082,0.04489421844482422,0.06104636192321777,0.003404378890991211
750,2.834533452987671,0.0484614372253418,0.05283975601196289,0.06342077255249023,0.0039403438568115234
750,2.607999324798584,0.05320620536804199,0.05510401725769043,0.06294465065002441,0.004509449005126953
750,2.370609760284424,0.0472712516784668,0.05511593818664551,0.0609745979309082,0.004112958908081055
750,2.434026002883911,0.04907798767089844,0.05261564254760742,0.06148719787597656,0.004511356353759766
750,2.403722047805786,0.051016807556152344,0.05643343925476074,0.06197333335876465,0.004117488861083984
750,2.3590586185455322,0.05083012580871582,0.05488777160644531,0.061484575271606445,0.0036554336547851562
750,2.3669307231903076,0.05102896690368652,0.055725812911987305,0.06161308288574219,0.0037567615509033203
750,2.3486905097961426,0.05154609680175781,0.05616021156311035,0.06087899208068848,0.004479885101318359
750,2.3360626697540283,0.05044293403625488,0.054483652114868164,0.06237030029296875,0.003771543502807617
750,2.3291351795196533,0.048955440521240234,0.05141592025756836,0.06238961219787598,0.003935098648071289
750,2.3853888511657715,0.048262596130371094,0.053185462951660156,0.060947418212890625,0.003947734832763672
750,2.380296230316162,0.04899859428405762,0.04540824890136719,0.06065106391906738,0.003371000289916992
750,2.3336119651794434,0.04683852195739746,0.04779314994812012,0.06601691246032715,0.0041043758392333984
750,2.396328926086426,0.04658961296081543,0.0561063289642334,0.07071638107299805,0.0035486221313476562
750,2.435521125793457,0.04594230651855469,0.04678201675415039,0.06491470336914062,0.004531383514404297
750,2.4125850200653076,0.045609474182128906,0.04968523979187012,0.06531834602355957,0.0036940574645996094
750,2.409440755844116,0.04778242111206055,0.05521750450134277,0.06122636795043945,0.0034074783325195312
750,2.3789048194885254,0.045973777770996094,0.055124521255493164,0.06292581558227539,0.003683328628540039
750,2.390920877456665,0.04562807083129883,0.0579075813293457,0.060752153396606445,0.0038111209869384766
750,2.4125046730041504,0.04554104804992676,0.05816650390625,0.061411380767822266,0.0037994384765625
750,2.3943839073181152,0.046518564224243164,0.05344700813293457,0.06185030937194824,0.003901243209838867
750,2.3942058086395264,0.04685235023498535,0.05570626258850098,0.061893463134765625,0.004505157470703125
750,2.4170219898223877,0.05212211608886719,0.05786395072937012,0.06604528427124023,0.003715038299560547
750,2.485846757888794,0.05090451240539551,0.05484271049499512,0.06108450889587402,0.0040891170501708984
750,2.4056196212768555,0.04959559440612793,0.053177595138549805,0.06258940696716309,0.004500150680541992
750,2.402132034301758,0.0472259521484375,0.042902469635009766,0.06857037544250488,0.004096031188964844
750,2.36936354637146,0.04689216613769531,0.04315495491027832,0.07827925682067871,0.0034008026123046875
750,2.424778461456299,0.04713606834411621,0.04383087158203125,0.061522722244262695,0.003911018371582031
750,2.475158929824829,0.0470430850982666,0.04296875,0.06302952766418457,0.004502296447753906
750,2.8955423831939697,0.050867319107055664,0.04244422912597656,0.061087846755981445,0.004103660583496094
750,2.501584053039551,0.05134725570678711,0.046230316162109375,0.060853004455566406,0.0035402774810791016
750,2.4311747550964355,0.0507659912109375,0.0471193790435791,0.06259655952453613,0.003695249557495117
750,2.4048726558685303,0.04916810989379883,0.05402660369873047,0.06243753433227539,0.00449371337890625
750,2.3988256454467773,0.048299312591552734,0.05174612998962402,0.06102776527404785,0.003918170928955078
750,2.374336004257202,0.046675920486450195,0.054288387298583984,0.06125211715698242,0.004290103912353516
750,2.3184549808502197,0.046108245849609375,0.044938087463378906,0.06107902526855469,0.0042803287506103516
750,2.3583173751831055,0.045449256896972656,0.04246973991394043,0.07012319564819336,0.0042340755462646484
750,2.334526300430298,0.04588127136230469,0.05176949501037598,0.06086087226867676,0.005528926849365234
750,2.3593626022338867,0.04881620407104492,0.05289793014526367,0.06189322471618652,0.004584312438964844
1000,4.148944616317749,0.09477114677429199,0.09958028793334961,0.1687459945678711,0.007432460784912109
1000,4.158489942550659,0.09038376808166504,0.06907367706298828,0.13248705863952637,0.007584571838378906
1000,4.181682109832764,0.09372663497924805,0.06574082374572754,0.11752200126647949,0.007712364196777344
1000,4.153362512588501,0.0870053768157959,0.07669782638549805,0.10941886901855469,0.008464574813842773
1000,4.129876136779785,0.10016536712646484,0.08060002326965332,0.1051015853881836,0.007792949676513672
1000,4.161168575286865,0.09320473670959473,0.0835106372833252,0.11001300811767578,0.007786273956298828
1000,5.330660820007324,0.09213042259216309,0.0709991455078125,0.11452388763427734,0.006686210632324219
1000,4.4504923820495605,0.09065985679626465,0.0690610408782959,0.10641837120056152,0.007215023040771484
1000,4.157460927963257,0.09183979034423828,0.07981061935424805,0.1177210807800293,0.006948947906494141
1000,4.18304443359375,0.0838315486907959,0.0702524185180664,0.11518168449401855,0.0065534114837646484
1000,4.185202121734619,0.08743739128112793,0.08195257186889648,0.10792779922485352,0.006816864013671875
1000,4.157034397125244,0.08685088157653809,0.07549500465393066,0.10663270950317383,0.007313251495361328
1000,4.152379989624023,0.08672857284545898,0.07131695747375488,0.10447311401367188,0.006637096405029297
1000,4.126396417617798,0.08552718162536621,0.07854247093200684,0.10311007499694824,0.0065572261810302734
1000,4.206759452819824,0.08753013610839844,0.07067084312438965,0.10301780700683594,0.006162166595458984
1000,4.134608745574951,0.08269953727722168,0.07103323936462402,0.10446977615356445,0.008086919784545898
1000,4.138885498046875,0.08555412292480469,0.07115769386291504,0.1057286262512207,0.006471872329711914
1000,4.1343605518341064,0.08294057846069336,0.0691840648651123,0.10427498817443848,0.006018161773681641
1000,4.155763864517212,0.08565855026245117,0.08397078514099121,0.10402345657348633,0.007399559020996094
1000,4.166506767272949,0.08584761619567871,0.08054399490356445,0.11510872840881348,0.005913972854614258
1000,4.153563499450684,0.0879507064819336,0.07966303825378418,0.10867023468017578,0.006547212600708008
1000,4.196763038635254,0.08275246620178223,0.08259940147399902,0.10538125038146973,0.0068759918212890625
1000,4.206305980682373,0.08814096450805664,0.07640528678894043,0.1051015853881836,0.007831096649169922
1000,4.181293487548828,0.08446240425109863,0.0853574275970459,0.10279297828674316,0.006192207336425781
1000,4.1666624546051025,0.08669519424438477,0.08631587028503418,0.10267448425292969,0.006801128387451172
1000,4.167179822921753,0.1046135425567627,0.08633255958557129,0.10608482360839844,0.005995988845825195
1000,4.145322799682617,0.08739709854125977,0.08833909034729004,0.10648012161254883,0.006525993347167969
1000,4.190716505050659,0.08288288116455078,0.08413934707641602,0.10363006591796875,0.007132768630981445
1000,4.172032356262207,0.0911707878112793,0.08286428451538086,0.1085367202758789,0.007877111434936523
1000,4.16619610786438,0.10820484161376953,0.07131767272949219,0.11614680290222168,0.007469654083251953
1000,4.143675804138184,0.08882546424865723,0.07143211364746094,0.10504674911499023,0.007009267807006836
1000,4.225240468978882,0.0937948226928711,0.08637285232543945,0.10490655899047852,0.00711512565612793
1000,4.210432529449463,0.09328818321228027,0.0967257022857666,0.1065065860748291,0.007126808166503906
1000,4.180554389953613,0.08751249313354492,0.08992695808410645,0.1033787727355957,0.006785392761230469
1000,4.135177850723267,0.08581852912902832,0.07262849807739258,0.1057896614074707,0.006489992141723633
1000,4.159858703613281,0.08435654640197754,0.08585143089294434,0.10372185707092285,0.006113529205322266
1000,4.1609978675842285,0.0874474048614502,0.0778663158416748,0.10346603393554688,0.006459474563598633
1000,4.213299036026001,0.08302807807922363,0.0833284854888916,0.10566592216491699,0.006277799606323242
1000,4.161853313446045,0.08592414855957031,0.0857691764831543,0.10711884498596191,0.006453990936279297
1000,4.1739044189453125,0.08281326293945312,0.08715295791625977,0.11969327926635742,0.006168842315673828
1000,4.161892652511597,0.08745670318603516,0.0798957347869873,0.10647177696228027,0.007315397262573242
1000,4.1703033447265625,0.09097886085510254,0.07014656066894531,0.10518908500671387,0.007766008377075195
1000,4.159697771072388,0.08720850944519043,0.06987786293029785,0.10355401039123535,0.0071070194244384766
1000,4.172338008880615,0.08263325691223145,0.08360528945922852,0.10316848754882812,0.007456302642822266
1000,4.128314733505249,0.08572578430175781,0.07475852966308594,0.10584259033203125,0.007750272750854492
1000,4.1879706382751465,0.08277440071105957,0.0756838321685791,0.10375094413757324,0.006471157073974609
1000,4.228569984436035,0.08550095558166504,0.07887125015258789,0.10370540618896484,0.00712275505065918
1000,4.167586088180542,0.08614850044250488,0.07541823387145996,0.1055908203125,0.007442474365234375
1000,4.1819376945495605,0.09168457984924316,0.07084441184997559,0.1040799617767334,0.006461381912231445
1000,4.157515048980713,0.09452247619628906,0.08370542526245117,0.11522269248962402,0.006455898284912109
1000,4.213137865066528,0.08604836463928223,0.09569764137268066,0.10968804359436035,0.00648045539855957
1000,4.215342283248901,0.08330798149108887,0.08361244201660156,0.10442638397216797,0.006451845169067383
1000,4.209394693374634,0.08576107025146484,0.07661819458007812,0.10499691963195801,0.0061435699462890625
1000,4.2167017459869385,0.09938478469848633,0.08736371994018555,0.10425639152526855,0.007144927978515625
1000,4.202148675918579,0.09286355972290039,0.08271980285644531,0.10330510139465332,0.007739067077636719
1000,4.180531978607178,0.08344030380249023,0.07854151725769043,0.10270547866821289,0.00744938850402832
1000,4.176042079925537,0.08589291572570801,0.08862829208374023,0.1039133071899414,0.0061457157135009766
1000,4.232442617416382,0.09319710731506348,0.08760643005371094,0.10304808616638184,0.007103443145751953
1000,4.238735675811768,0.08745074272155762,0.08838915824890137,0.11151409149169922,0.006819486618041992
1000,4.1997809410095215,0.0831460952758789,0.09102678298950195,0.12096357345581055,0.006178617477416992
1000,4.161488056182861,0.08605504035949707,0.08750724792480469,0.11237692832946777,0.007425069808959961
1000,4.168381452560425,0.08283710479736328,0.07463502883911133,0.10369348526000977,0.007124423980712891
1000,4.243366241455078,0.0858914852142334,0.07270193099975586,0.10475969314575195,0.00778508186340332
1000,4.228736639022827,0.08337759971618652,0.08719182014465332,0.10529422760009766,0.007059574127197266
1000,4.258098125457764,0.08723735809326172,0.0868074893951416,0.10432124137878418,0.006121635437011719
1000,4.187413692474365,0.08418726921081543,0.08880043029785156,0.10376191139221191,0.007818460464477539
1000,4.18514609336853,0.08825087547302246,0.08894085884094238,0.1053009033203125,0.007770538330078125
1000,4.265381097793579,0.08284616470336914,0.08475589752197266,0.1050565242767334,0.0071430206298828125
1000,4.20751428604126,0.0851597785949707,0.08436298370361328,0.10334348678588867,0.007467985153198242
1000,4.168379545211792,0.08449053764343262,0.08792424201965332,0.1139984130859375,0.006529569625854492
1000,4.171307802200317,0.08666849136352539,0.08669400215148926,0.12062668800354004,0.005914449691772461
1000,4.241461277008057,0.08419179916381836,0.08735799789428711,0.10354089736938477,0.0067942142486572266
1000,4.189981937408447,0.0914306640625,0.08333015441894531,0.10741138458251953,0.007131099700927734
1000,4.1682703495025635,0.10270476341247559,0.07752156257629395,0.1034700870513916,0.007790565490722656
1000,4.2140257358551025,0.08973526954650879,0.07906842231750488,0.11242365837097168,0.0076830387115478516
1000,4.19628119468689,0.08402585983276367,0.09013962745666504,0.10436177253723145,0.007015705108642578
1000,4.182305097579956,0.08681631088256836,0.08108091354370117,0.10480952262878418,0.006899833679199219
1000,4.161118984222412,0.08550691604614258,0.09212970733642578,0.1045234203338623,0.00588536262512207
1000,4.227241516113281,0.09907698631286621,0.0718228816986084,0.12417793273925781,0.006814002990722656
1000,4.170022487640381,0.08772516250610352,0.08376336097717285,0.11378788948059082,0.007813692092895508
1000,4.183434963226318,0.09036850929260254,0.08062100410461426,0.10353541374206543,0.007161855697631836
1000,4.202997922897339,0.08694291114807129,0.08672142028808594,0.10562682151794434,0.006777763366699219
1000,4.191403150558472,0.0869145393371582,0.07602596282958984,0.10355305671691895,0.007786750793457031
1000,4.1661670207977295,0.0832970142364502,0.08915972709655762,0.10345983505249023,0.0074615478515625
1000,4.173632860183716,0.08504843711853027,0.0881950855255127,0.10742664337158203,0.0074520111083984375
1000,4.218686819076538,0.08300495147705078,0.09880208969116211,0.10424089431762695,0.007102489471435547
1000,4.248803377151489,0.08660197257995605,0.09154272079467773,0.10664534568786621,0.006500244140625
1000,4.179029941558838,0.08569979667663574,0.0869913101196289,0.10297226905822754,0.006989717483520508
1000,4.270308494567871,0.08518767356872559,0.07783293724060059,0.10310745239257812,0.007784366607666016
1000,4.180488348007202,0.08330512046813965,0.07270026206970215,0.10833597183227539,0.006887674331665039
1000,4.189152956008911,0.08545541763305664,0.0793313980102539,0.11628103256225586,0.007445335388183594
1000,4.173765182495117,0.08247065544128418,0.073089599609375,0.10451412200927734,0.0071430206298828125
1000,4.219509124755859,0.0866541862487793,0.07360959053039551,0.10259699821472168,0.007752656936645508
1000,4.231992721557617,0.08398962020874023,0.08005785942077637,0.10464239120483398,0.007839679718017578
1000,4.215600252151489,0.08535361289978027,0.08542394638061523,0.10413718223571777,0.0073468685150146484
1000,4.382357597351074,0.0828251838684082,0.08343958854675293,0.10468173027038574,0.006983518600463867
1000,4.217226982116699,0.08756852149963379,0.06952786445617676,0.10392212867736816,0.007985353469848633
1000,4.167506456375122,0.0901033878326416,0.07816338539123535,0.1113746166229248,0.00676274299621582
1000,4.223045349121094,0.08732485771179199,0.08346891403198242,0.10959863662719727,0.0068929195404052734
1000,4.207984924316406,0.08480143547058105,0.08632206916809082,0.10762405395507812,0.00820779800415039
1250,6.585736036300659,0.14204144477844238,0.15102863311767578,0.27226972579956055,0.011330842971801758
1250,6.5878965854644775,0.13296246528625488,0.12358546257019043,0.18831396102905273,0.014327049255371094
1250,6.733938932418823,0.1407480239868164,0.10491085052490234,0.17368483543395996,0.011165142059326172
1250,6.648816347122192,0.14426970481872559,0.11609172821044922,0.16745209693908691,0.011245250701904297
1250,6.728699684143066,0.15249013900756836,0.11486482620239258,0.20157480239868164,0.010360956192016602
1250,6.743626832962036,0.13737726211547852,0.11248779296875,0.1787874698638916,0.0103759765625
1250,6.680125713348389,0.13723087310791016,0.140303373336792,0.16946864128112793,0.010736942291259766
1250,6.73173451423645,0.13605833053588867,0.12587666511535645,0.16939854621887207,0.01235508918762207
1250,6.707337141036987,0.13204216957092285,0.13557004928588867,0.1640307903289795,0.012568473815917969
1250,6.7499778270721436,0.12918758392333984,0.11176085472106934,0.164109468460083,0.011033296585083008
1250,6.808902978897095,0.13332748413085938,0.1324019432067871,0.16912841796875,0.010066747665405273
1250,6.751327753067017,0.1323854923248291,0.13757610321044922,0.1676499843597412,0.012422561645507812
1250,6.700950860977173,0.14662694931030273,0.13306164741516113,0.16294503211975098,0.010913372039794922
1250,6.696909666061401,0.13233208656311035,0.11695981025695801,0.16584420204162598,0.010689973831176758
1250,6.713587284088135,0.12932491302490234,0.12118959426879883,0.1618337631225586,0.010107040405273438
1250,6.68880558013916,0.1284334659576416,0.11936259269714355,0.16233253479003906,0.01385951042175293
1250,6.726500511169434,0.12787532806396484,0.1241755485534668,0.17913603782653809,0.011331558227539062
1250,6.735782861709595,0.1297309398651123,0.14306354522705078,0.19877982139587402,0.012217998504638672
1250,6.7466652393341064,0.13210129737854004,0.1349797248840332,0.17502140998840332,0.012747764587402344
1250,6.863758563995361,0.14290618896484375,0.1237485408782959,0.16252994537353516,0.011847972869873047
1250,6.714331388473511,0.14173173904418945,0.115631103515625,0.17257142066955566,0.012374162673950195
1250,6.713178396224976,0.13243770599365234,0.11207151412963867,0.17278242111206055,0.014775276184082031
1250,6.801340103149414,0.1288449764251709,0.13581156730651855,0.16557669639587402,0.013389110565185547
1250,6.731634855270386,0.13702917098999023,0.1385669708251953,0.1639571189880371,0.011506080627441406
1250,6.709801435470581,0.12747573852539062,0.11510562896728516,0.17475056648254395,0.012078046798706055
1250,7.164895057678223,0.13241934776306152,0.12548542022705078,0.16249299049377441,0.013444662094116211
1250,6.707287549972534,0.130202054977417,0.13667082786560059,0.16223716735839844,0.013804197311401367
1250,6.745559453964233,0.1395418643951416,0.11440682411193848,0.17465496063232422,0.012638092041015625
1250,6.722145080566406,0.13457250595092773,0.11931133270263672,0.16577792167663574,0.015767574310302734
1250,6.718350172042847,0.13976311683654785,0.11126136779785156,0.18414664268493652,0.015445232391357422
1250,6.766971588134766,0.1381688117980957,0.11182165145874023,0.17988252639770508,0.015585899353027344
1250,6.7197675704956055,0.1328871250152588,0.10965633392333984,0.16444778442382812,0.015395164489746094
1250,6.707169055938721,0.1354823112487793,0.11788678169250488,0.16219472885131836,0.018259048461914062
1250,6.721533536911011,0.1306929588317871,0.11496686935424805,0.17940282821655273,0.013915777206420898
1250,6.73627495765686,0.12856650352478027,0.1316087245941162,0.16501474380493164,0.01507258415222168
1250,6.734424114227295,0.13635778427124023,0.129591703414917,0.16224241256713867,0.014534235000610352
1250,6.882631778717041,0.14410161972045898,0.14174294471740723,0.1659245491027832,0.015953779220581055
1250,6.827643156051636,0.13510823249816895,0.13401365280151367,0.1635608673095703,0.016437292098999023
1250,6.758289813995361,0.13160443305969238,0.14189743995666504,0.16360998153686523,0.013498544692993164
1250,6.7146689891815186,0.12917709350585938,0.13267040252685547,0.16801166534423828,0.014957666397094727
1250,6.717473745346069,0.1335740089416504,0.1595141887664795,0.1657562255859375,0.013454198837280273
1250,6.745352029800415,0.1341228485107422,0.13950490951538086,0.1779930591583252,0.01558828353881836
1250,6.757719278335571,0.12714076042175293,0.11616110801696777,0.1802206039428711,0.014021635055541992
1250,6.706568241119385,0.14443087577819824,0.1365985870361328,0.18402767181396484,0.013450860977172852
1250,6.802182912826538,0.13374662399291992,0.12066102027893066,0.1684267520904541,0.013964653015136719
1250,6.745694398880005,0.13008975982666016,0.11390089988708496,0.18287014961242676,0.016505718231201172
1250,6.840174913406372,0.1306009292602539,0.11411428451538086,0.1688232421875,0.015017509460449219
1250,6.974673509597778,0.13195228576660156,0.12269878387451172,0.1642310619354248,0.015550851821899414
1250,6.725032329559326,0.13364911079406738,0.1229248046875,0.17016863822937012,0.013384342193603516
1250,6.73581075668335,0.12946629524230957,0.13564276695251465,0.18005990982055664,0.012520551681518555
1250,6.737610816955566,0.12731266021728516,0.1273813247680664,0.16147112846374512,0.013538122177124023
1250,6.893381595611572,0.14041399955749512,0.12930083274841309,0.17705655097961426,0.013471603393554688
1250,6.782355546951294,0.14839982986450195,0.11611723899841309,0.16713929176330566,0.012637138366699219
1250,6.745281219482422,0.1378951072692871,0.12683963775634766,0.17439532279968262,0.014937877655029297
1250,6.7465643882751465,0.13377594947814941,0.13451313972473145,0.16360139846801758,0.014907360076904297
1250,6.804445505142212,0.13683509826660156,0.13670682907104492,0.18292737007141113,0.017002344131469727
1250,6.735045433044434,0.14206719398498535,0.1362922191619873,0.16598725318908691,0.01633167266845703
1250,6.738720893859863,0.13602399826049805,0.12398648262023926,0.1698441505432129,0.016524791717529297
1250,6.758333444595337,0.13594412803649902,0.11643838882446289,0.16833209991455078,0.013974905014038086
1250,6.694836616516113,0.13152551651000977,0.11832189559936523,0.16709518432617188,0.014925241470336914
1250,6.770998001098633,0.1295795440673828,0.11715936660766602,0.16841626167297363,0.012692451477050781
1250,6.706270694732666,0.12962961196899414,0.11650800704956055,0.1720128059387207,0.013806581497192383
1250,6.754778861999512,0.13364338874816895,0.12354445457458496,0.16582679748535156,0.014150857925415039
1250,6.7573206424713135,0.13286614418029785,0.13835835456848145,0.18416690826416016,0.014154434204101562
1250,6.728912115097046,0.13167691230773926,0.11271524429321289,0.17232608795166016,0.01657843589782715
1250,6.7367236614227295,0.12857723236083984,0.12760639190673828,0.17755913734436035,0.012754678726196289
1250,6.711718320846558,0.1334521770477295,0.11696934700012207,0.16402530670166016,0.015499353408813477
1250,6.7740418910980225,0.13637661933898926,0.1625196933746338,0.17015957832336426,0.013502359390258789
1250,6.731025457382202,0.14461278915405273,0.13137245178222656,0.18084287643432617,0.013424158096313477
1250,6.728492259979248,0.1355454921722412,0.11655426025390625,0.16715121269226074,0.014448165893554688
1250,8.150302648544312,0.12749743461608887,0.12790822982788086,0.16489863395690918,0.0167999267578125
1250,6.722455978393555,0.12786126136779785,0.15256953239440918,0.16504836082458496,0.02023029327392578
1250,6.725919961929321,0.12705326080322266,0.13662123680114746,0.16729116439819336,0.018985271453857422
1250,6.769179582595825,0.12958979606628418,0.13282561302185059,0.16803455352783203,0.02024078369140625
1250,6.743353843688965,0.13798737525939941,0.11891388893127441,0.1711127758026123,0.017900705337524414
1250,6.725686550140381,0.13047075271606445,0.1300363540649414,0.16840076446533203,0.01833486557006836
1250,6.702122211456299,0.12932920455932617,0.13943219184875488,0.16332674026489258,0.01855778694152832
1250,6.730259418487549,0.13347887992858887,0.13540291786193848,0.17276668548583984,0.024919986724853516
1250,6.6928369998931885,0.132920503616333,0.12823963165283203,0.1747424602508545,0.01793193817138672
1250,6.704272270202637,0.13082146644592285,0.12094569206237793,0.1651909351348877,0.020250320434570312
1250,6.6999006271362305,0.12820649147033691,0.11045622825622559,0.1761336326599121,0.022995471954345703
1250,6.994070768356323,0.13416051864624023,0.11820435523986816,0.17966699600219727,0.016897201538085938
1250,6.7194013595581055,0.13028526306152344,0.11236977577209473,0.16909146308898926,0.017044544219970703
1250,6.72494912147522,0.1290302276611328,0.15107989311218262,0.1652235984802246,0.013143062591552734
1250,6.7229249477386475,0.15480375289916992,0.13651466369628906,0.16449332237243652,0.015291213989257812
1250,6.707866668701172,0.14923930168151855,0.1203315258026123,0.1761469841003418,0.017434120178222656
1250,6.748383283615112,0.14120054244995117,0.11357593536376953,0.18060898780822754,0.016902923583984375
1250,6.686939477920532,0.13577556610107422,0.1136467456817627,0.17876315116882324,0.013971805572509766
1250,6.707991361618042,0.13241147994995117,0.12131404876708984,0.16681647300720215,0.01428365707397461
1250,6.76482629776001,0.13794589042663574,0.15117096900939941,0.16916370391845703,0.013234853744506836
1250,6.740574836730957,0.13098502159118652,0.15777063369750977,0.182570219039917,0.013257741928100586
1250,6.693341016769409,0.12801575660705566,0.11880159378051758,0.1721811294555664,0.016984224319458008
1250,6.681742429733276,0.1320815086364746,0.13437652587890625,0.18196797370910645,0.016851186752319336
1250,6.719379425048828,0.12697219848632812,0.13694119453430176,0.191084623336792,0.01404261589050293
1250,6.715680837631226,0.12887191772460938,0.11073637008666992,0.17315316200256348,0.013790130615234375
1250,6.754122257232666,0.12778115272521973,0.11532998085021973,0.1667039394378662,0.013178825378417969
1250,6.7849767208099365,0.13132190704345703,0.11480045318603516,0.16276073455810547,0.014001131057739258
1250,6.81647801399231,0.12909936904907227,0.13653349876403809,0.1659238338470459,0.013188600540161133
1250,6.711389780044556,0.12793421745300293,0.11461091041564941,0.18135952949523926,0.013875961303710938
1250,6.711395978927612,0.13028192520141602,0.11699938774108887,0.16939616203308105,0.014059066772460938
1500,9.997507095336914,0.23670554161071777,0.18310332298278809,0.36237192153930664,0.015454292297363281
1500,9.872111558914185,0.21701574325561523,0.1783592700958252,0.28801488876342773,0.015916824340820312
1500,9.894004344940186,0.20830869674682617,0.16953349113464355,0.3013463020324707,0.01897454261779785
1500,10.089385747909546,0.20139265060424805,0.1566166877746582,0.26114869117736816,0.01604485511779785
1500,10.099541187286377,0.19757819175720215,0.16429662704467773,0.24810171127319336,0.018304109573364258
1500,10.12461256980896,0.2064380645751953,0.17533326148986816,0.23955678939819336,0.017144441604614258
1500,10.090234518051147,0.20245671272277832,0.1753993034362793,0.2383105754852295,0.017892837524414062
1500,10.143120527267456,0.19843125343322754,0.16419458389282227,0.23699593544006348,0.01675105094909668
1500,10.0814049243927,0.19857263565063477,0.21606063842773438,0.2337968349456787,0.018538713455200195
1500,10.1013925075531,0.20712065696716309,0.18000459671020508,0.23261713981628418,0.019134998321533203
1500,10.093915462493896,0.19981026649475098,0.1870744228363037,0.257692813873291,0.02000904083251953
1500,10.185506820678711,0.22992730140686035,0.17032408714294434,0.26776599884033203,0.017640352249145508
1500,10.17126989364624,0.2164757251739502,0.20769143104553223,0.2440779209136963,0.019376754760742188
1500,10.122818231582642,0.20361661911010742,0.20068836212158203,0.2447831630706787,0.021626710891723633
1500,10.108798503875732,0.1969776153564453,0.1811363697052002,0.2428598403930664,0.021431684494018555
1500,10.08179783821106,0.1963813304901123,0.18395161628723145,0.24257946014404297,0.022245407104492188
1500,10.08853530883789,0.1929490566253662,0.1700432300567627,0.23497295379638672,0.018547773361206055
1500,10.143572330474854,0.20647215843200684,0.16629719734191895,0.24061346054077148,0.019835233688354492
1500,10.123631000518799,0.1960599422454834,0.1746373176574707,0.24188017845153809,0.01835489273071289
1500,10.088062524795532,0.20510625839233398,0.17268681526184082,0.27056431770324707,0.01905059814453125
1500,10.145655632019043,0.20206952095031738,0.19820904731750488,0.2712123394012451,0.020241737365722656
1500,10.02363657951355,0.211928129196167,0.17758584022521973,0.24265241622924805,0.02155327796936035
1500,10.104137182235718,0.22073125839233398,0.20380377769470215,0.23943424224853516,0.019652366638183594
1500,10.183547258377075,0.20595669746398926,0.1818079948425293,0.2403256893157959,0.029956579208374023
1500,10.086575269699097,0.20106291770935059,0.23749136924743652,0.2373332977294922,0.023741960525512695
1500,10.224979877471924,0.19723248481750488,0.18759632110595703,0.24107623100280762,0.02131366729736328
1500,10.128469228744507,0.20098543167114258,0.18347597122192383,0.2409968376159668,0.024930953979492188
1500,10.159132242202759,0.199354887008667,0.18853449821472168,0.2651505470275879,0.03138899803161621
1500,10.089293003082275,0.19475483894348145,0.16550517082214355,0.259382963180542,0.031819820404052734
1500,10.256149291992188,0.21045565605163574,0.17370319366455078,0.2766425609588623,0.020579814910888672
1500,10.122192859649658,0.21596956253051758,0.16820096969604492,0.25600552558898926,0.022841453552246094
1500,10.080928564071655,0.2038114070892334,0.17647981643676758,0.24438047409057617,0.02371692657470703
1500,10.137476205825806,0.23527002334594727,0.19863224029541016,0.23532748222351074,0.019887208938598633
1500,10.13703179359436,0.21230268478393555,0.2029726505279541,0.23975205421447754,0.020722389221191406
1500,10.228593826293945,0.19916462898254395,0.18627524375915527,0.23750972747802734,0.020681142807006836
1500,10.183904886245728,0.19496464729309082,0.16978240013122559,0.23975610733032227,0.021908998489379883
1500,10.18967080116272,0.19630002975463867,0.2409496307373047,0.250194787979126,0.02146434783935547
1500,10.316605567932129,0.212263822555542,0.17741131782531738,0.2684295177459717,0.024890422821044922
1500,10.16428017616272,0.22219157218933105,0.17938017845153809,0.24751949310302734,0.021994829177856445
1500,10.346545457839966,0.23927569389343262,0.16478276252746582,0.2433788776397705,0.02328205108642578
1500,10.27171540260315,0.21987295150756836,0.19266629219055176,0.2372117042541504,0.022160053253173828
1500,10.488616466522217,0.20837879180908203,0.19626092910766602,0.24401640892028809,0.02203512191772461
1500,10.244174242019653,0.2526836395263672,0.18967199325561523,0.2338426113128662,0.022194385528564453
1500,10.214560985565186,0.21019625663757324,0.17315053939819336,0.23992705345153809,0.024098873138427734
1500,10.174750566482544,0.20111322402954102,0.1879258155822754,0.2551891803741455,0.020159482955932617
1500,10.229275703430176,0.1967458724975586,0.17813682556152344,0.2644224166870117,0.019975662231445312
1500,10.401043891906738,0.19974303245544434,0.16859126091003418,0.31870555877685547,0.024144411087036133
1500,10.213392734527588,0.20722055435180664,0.2526979446411133,0.2719738483428955,0.0206453800201416
1500,10.415438890457153,0.20259737968444824,0.1679236888885498,0.25125908851623535,0.022021770477294922
1500,10.331078052520752,0.2088942527770996,0.16483497619628906,0.2562532424926758,0.03407597541809082
1500,10.535624265670776,0.20232582092285156,0.16893482208251953,0.2656116485595703,0.023026466369628906
1500,10.319860219955444,0.19700837135314941,0.1751706600189209,0.24463915824890137,0.021347761154174805
1500,10.201828956604004,0.2016451358795166,0.16615080833435059,0.2609901428222656,0.022095918655395508
1500,10.202447891235352,0.21364784240722656,0.16868066787719727,0.2500624656677246,0.018877506256103516
1500,10.242256879806519,0.19974803924560547,0.16361069679260254,0.2693307399749756,0.025684595108032227
1500,10.28229570388794,0.1966078281402588,0.16831350326538086,0.2575714588165283,0.023968935012817383
1500,10.464094877243042,0.19400429725646973,0.17243003845214844,0.2467818260192871,0.023043155670166016
1500,10.125766038894653,0.1910698413848877,0.1938457489013672,0.2483227252960205,0.021517038345336914
1500,10.636209964752197,0.1885993480682373,0.17507338523864746,0.2503199577331543,0.02199387550354004
1500,10.414373636245728,0.1981666088104248,0.21348094940185547,0.24840664863586426,0.019772768020629883
1500,10.222881317138672,0.19631576538085938,0.1658792495727539,0.24486207962036133,0.024516582489013672
1500,10.182139158248901,0.1931765079498291,0.17585968971252441,0.2479414939880371,0.018032073974609375
1500,10.25849437713623,0.19327902793884277,0.2239987850189209,0.2384934425354004,0.022516965866088867
1500,11.873006820678711,0.2009568214416504,0.21014189720153809,0.2789039611816406,0.01993417739868164
1500,10.327891111373901,0.21636557579040527,0.2064821720123291,0.25121045112609863,0.020193099975585938
1500,10.21249508857727,0.21276140213012695,0.1990196704864502,0.2397003173828125,0.02102041244506836
1500,10.186318397521973,0.20378327369689941,0.2051994800567627,0.2384803295135498,0.02260303497314453
1500,10.37863039970398,0.19762659072875977,0.21487784385681152,0.2466280460357666,0.02258753776550293
1500,10.331950664520264,0.195936918258667,0.2286548614501953,0.2456531524658203,0.024920225143432617
1500,10.30579948425293,0.19472360610961914,0.25483250617980957,0.2535262107849121,0.018861055374145508
1500,10.25735068321228,0.20540666580200195,0.22178196907043457,0.26950573921203613,0.021632671356201172
1500,10.6253080368042,0.19800853729248047,0.20781970024108887,0.250579833984375,0.025067806243896484
1500,10.484429121017456,0.202042818069458,0.19722914695739746,0.2690775394439697,0.024333715438842773
1500,10.179769515991211,0.19589638710021973,0.18297815322875977,0.26511478424072266,0.02733445167541504
1500,10.331293821334839,0.20818567276000977,0.1768784523010254,0.2529027462005615,0.024864673614501953
1500,10.371562242507935,0.20966076850891113,0.19575977325439453,0.24267292022705078,0.025256872177124023
1500,10.3462553024292,0.19588160514831543,0.17433905601501465,0.24419736862182617,0.02308487892150879
1500,11.073288202285767,0.19525885581970215,0.185715913772583,0.25528717041015625,0.02787017822265625
1500,12.198114156723022,0.19434523582458496,0.1735398769378662,0.24528264999389648,0.02527332305908203
1500,12.332509279251099,0.1943526268005371,0.17114663124084473,0.2474222183227539,0.024123430252075195
1500,11.626932621002197,0.2120988368988037,0.24423813819885254,0.26102590560913086,0.023922204971313477
1500,10.430115699768066,0.19671320915222168,0.20070838928222656,0.25595951080322266,0.02499866485595703
1500,10.439527034759521,0.19468307495117188,0.19581818580627441,0.2471632957458496,0.023988962173461914
1500,10.39407467842102,0.20244431495666504,0.1920301914215088,0.2423686981201172,0.023665189743041992
1500,10.478254795074463,0.1969926357269287,0.18896245956420898,0.24093246459960938,0.02538585662841797
1500,10.331868171691895,0.2135448455810547,0.19569802284240723,0.25289344787597656,0.022031784057617188
1500,10.377313613891602,0.2048814296722412,0.17988133430480957,0.24648475646972656,0.021394729614257812
1500,10.374914646148682,0.1955718994140625,0.16382670402526855,0.2547006607055664,0.02598285675048828
1500,10.303995370864868,0.19772720336914062,0.1959080696105957,0.25493574142456055,0.0229337215423584
1500,10.342016220092773,0.19417119026184082,0.17024540901184082,0.2831449508666992,0.023212432861328125
1500,10.244420289993286,0.2039186954498291,0.1861402988433838,0.2536773681640625,0.020737171173095703
1500,10.459646463394165,0.1987624168395996,0.22607040405273438,0.2436528205871582,0.02391958236694336
1500,10.40245771408081,0.19301295280456543,0.21222329139709473,0.24125456809997559,0.02081775665283203
1500,10.415382146835327,0.19413089752197266,0.18536376953125,0.24742722511291504,0.022789955139160156
1500,10.184212923049927,0.19312167167663574,0.19028162956237793,0.24900460243225098,0.018739700317382812
1500,10.53453016281128,0.19477176666259766,0.17006516456604004,0.24213671684265137,0.022613525390625
1500,10.398865938186646,0.2224569320678711,0.1855297088623047,0.27547168731689453,0.025065898895263672
1500,10.19860029220581,0.2054271697998047,0.16981291770935059,0.2533094882965088,0.024272441864013672
1500,10.662561655044556,0.1915125846862793,0.16589879989624023,0.25839996337890625,0.025115489959716797
1500,10.445283651351929,0.18954038619995117,0.1727604866027832,0.24396371841430664,0.02504897117614746
1750,14.8137845993042,0.29595184326171875,0.27780985832214355,0.451138973236084,0.023782730102539062
1750,13.91853666305542,0.2756798267364502,0.2303180694580078,0.4090080261230469,0.025339603424072266
1750,14.0544912815094,0.2631490230560303,0.23283863067626953,0.3545191287994385,0.021564960479736328
1750,13.988277435302734,0.2690000534057617,0.24213385581970215,0.3276827335357666,0.020928621292114258
1750,13.760720014572144,0.26337194442749023,0.23186874389648438,0.32276320457458496,0.022953033447265625
1750,14.033799886703491,0.27405762672424316,0.24683403968811035,0.3321261405944824,0.02198958396911621
1750,14.06733250617981,0.29889535903930664,0.22333598136901855,0.34232091903686523,0.022557973861694336
1750,13.888890981674194,0.2973442077636719,0.22645854949951172,0.4135582447052002,0.03035116195678711
1750,14.093538761138916,0.2759230136871338,0.23540449142456055,0.4453275203704834,0.025404930114746094
1750,13.840432167053223,0.267742395401001,0.29268598556518555,0.48226475715637207,0.029341936111450195
1750,13.948019742965698,0.2708775997161865,0.24587512016296387,0.4494459629058838,0.027245044708251953
1750,14.144436359405518,0.26611781120300293,0.2572643756866455,0.3792862892150879,0.03161311149597168
1750,13.831600189208984,0.26148533821105957,0.23889422416687012,0.3821074962615967,0.0330805778503418
1750,13.935143947601318,0.26232409477233887,0.24320435523986816,0.33855104446411133,0.0299532413482666
1750,13.99515438079834,0.3079075813293457,0.25334692001342773,0.3265647888183594,0.04041552543640137
1750,14.230967283248901,0.28992605209350586,0.2426302433013916,0.32342958450317383,0.03147292137145996
1750,14.029605627059937,0.27214741706848145,0.2506234645843506,0.3275892734527588,0.03589224815368652
1750,14.098753690719604,0.2677652835845947,0.22952485084533691,0.3304274082183838,0.038292646408081055
1750,14.048113346099854,0.27408647537231445,0.33809852600097656,0.3448643684387207,0.036351919174194336
1750,13.91055703163147,0.2760035991668701,0.22497344017028809,0.3395214080810547,0.027931690216064453
1750,14.226670026779175,0.2705075740814209,0.2335491180419922,0.3204061985015869,0.034177303314208984
1750,13.684213399887085,0.2959458827972412,0.2255556583404541,0.3434877395629883,0.03276419639587402
1750,14.029815435409546,0.31226468086242676,0.26230406761169434,0.31935763359069824,0.030292272567749023
1750,13.966338396072388,0.28206491470336914,0.22381067276000977,0.36597561836242676,0.026763200759887695
1750,14.12974500656128,0.270904541015625,0.24809551239013672,0.32347941398620605,0.027467012405395508
1750,13.890434265136719,0.2672240734100342,0.2509922981262207,0.35012125968933105,0.03179621696472168
1750,13.837521076202393,0.2672154903411865,0.2390308380126953,0.3253471851348877,0.026419401168823242
1750,14.160208702087402,0.26618480682373047,0.29322147369384766,0.3172330856323242,0.032637834548950195
1750,14.255937576293945,0.26700854301452637,0.24614238739013672,0.31562185287475586,0.03106236457824707
1750,14.077131986618042,0.29435276985168457,0.24107575416564941,0.31334376335144043,0.03311967849731445
1750,14.045830488204956,0.30885815620422363,0.24377751350402832,0.34459733963012695,0.02717423439025879
1750,15.328974723815918,0.28937244415283203,0.24840211868286133,0.3378303050994873,0.029681921005249023
1750,13.848581790924072,0.27901792526245117,0.23254632949829102,0.3603653907775879,0.034407854080200195
1750,13.859584331512451,0.26843762397766113,0.23796296119689941,0.3307216167449951,0.032996416091918945
1750,13.878242254257202,0.2674863338470459,0.24657368659973145,0.32302045822143555,0.03461337089538574
1750,14.0928955078125,0.26511359214782715,0.22101974487304688,0.32698965072631836,0.033751487731933594
1750,14.32996654510498,0.2676417827606201,0.28816699981689453,0.35259342193603516,0.032190561294555664
1750,13.987546920776367,0.29334473609924316,0.25254058837890625,0.32393336296081543,0.036834716796875
1750,13.864124298095703,0.2965223789215088,0.23954057693481445,0.3589184284210205,0.02766275405883789
1750,14.066535472869873,0.27582550048828125,0.2531864643096924,0.3241081237792969,0.034558773040771484
1750,14.023409605026245,0.2677006721496582,0.23653054237365723,0.3237912654876709,0.03161144256591797
1750,14.054104089736938,0.2721734046936035,0.25424647331237793,0.3219285011291504,0.0326077938079834
1750,14.040375709533691,0.27008938789367676,0.23233389854431152,0.3332502841949463,0.03573942184448242
1750,14.059457540512085,0.2667362689971924,0.22016525268554688,0.3820791244506836,0.02664041519165039
1750,14.03590726852417,0.3156898021697998,0.22284507751464844,0.3583812713623047,0.026291608810424805
1750,13.933253049850464,0.3138754367828369,0.2842214107513428,0.3531620502471924,0.03120732307434082
1750,13.964624166488647,0.280303955078125,0.22789311408996582,0.3379366397857666,0.03281426429748535
1750,14.06949257850647,0.26822376251220703,0.23405218124389648,0.3333268165588379,0.029346466064453125
1750,14.101084232330322,0.2627742290496826,0.26631927490234375,0.3740200996398926,0.02980661392211914
1750,13.995572805404663,0.2639956474304199,0.23496317863464355,0.3422400951385498,0.03080272674560547
1750,14.186614513397217,0.26151371002197266,0.23110485076904297,0.3370811939239502,0.03137922286987305
1750,13.79672122001648,0.2680020332336426,0.22631120681762695,0.3424999713897705,0.027588605880737305
1750,13.770210266113281,0.28231024742126465,0.23574447631835938,0.32616114616394043,0.031774044036865234
1750,13.86210012435913,0.32105231285095215,0.22412371635437012,0.33846402168273926,0.0298917293548584
1750,14.094990015029907,0.2861320972442627,0.2748279571533203,0.33936166763305664,0.028741836547851562
1750,13.9172682762146,0.2663135528564453,0.2630891799926758,0.38368749618530273,0.02985548973083496
1750,14.024192810058594,0.2669343948364258,0.2575538158416748,0.3303101062774658,0.03237581253051758
1750,13.819920063018799,0.275468111038208,0.24218368530273438,0.36797094345092773,0.03448629379272461
1750,13.83297085762024,0.271944522857666,0.23829317092895508,0.33104944229125977,0.03962969779968262
1750,14.220143556594849,0.2801222801208496,0.23405027389526367,0.3249382972717285,0.03118896484375
1750,14.056721687316895,0.27387523651123047,0.23619794845581055,0.3346364498138428,0.029333829879760742
1750,13.84752345085144,0.300229549407959,0.23234033584594727,0.3805575370788574,0.03545713424682617
1750,14.090259313583374,0.2854037284851074,0.2359302043914795,0.43198633193969727,0.03044748306274414
1750,13.94876742362976,0.27390432357788086,0.26886963844299316,0.4435913562774658,0.03364157676696777
1750,14.10112190246582,0.26713037490844727,0.23972702026367188,0.3657526969909668,0.025864839553833008
1750,13.986375093460083,0.2651209831237793,0.24018573760986328,0.3357832431793213,0.031490325927734375
1750,14.18401575088501,0.27556562423706055,0.22919297218322754,0.3616359233856201,0.03435087203979492
1750,14.07976484298706,0.2713735103607178,0.23992490768432617,0.3274393081665039,0.037691354751586914
1750,14.027040481567383,0.26968812942504883,0.23146915435791016,0.32793354988098145,0.031000375747680664
1750,13.986223697662354,0.29561352729797363,0.2528097629547119,0.3504493236541748,0.03285503387451172
1750,14.012532234191895,0.29082584381103516,0.2503345012664795,0.3348991870880127,0.027825355529785156
1750,14.05202603340149,0.2799553871154785,0.23556089401245117,0.32510828971862793,0.029108762741088867
1750,14.02829647064209,0.2683525085449219,0.2738018035888672,0.334195613861084,0.04224658012390137
1750,14.051035165786743,0.26406073570251465,0.25414443016052246,0.34961366653442383,0.029239892959594727
1750,14.072450160980225,0.2797505855560303,0.24748754501342773,0.3434023857116699,0.03156328201293945
1750,13.663096904754639,0.2729785442352295,0.22303295135498047,0.3426692485809326,0.03263115882873535
1750,13.995909214019775,0.2865877151489258,0.22422194480895996,0.3400249481201172,0.03205084800720215
1750,14.019825458526611,0.29996728897094727,0.2381434440612793,0.326185941696167,0.03235912322998047
1750,14.393336296081543,0.27156543731689453,0.23903965950012207,0.33386993408203125,0.03456473350524902
1750,14.14948058128357,0.26283717155456543,0.23345589637756348,0.345259428024292,0.03009200096130371
1750,13.976358413696289,0.26250433921813965,0.2133502960205078,0.3248918056488037,0.028064489364624023
1750,13.949913501739502,0.2733297348022461,0.2505812644958496,0.32499265670776367,0.029578208923339844
1750,13.74398159980774,0.2806363105773926,0.23969578742980957,0.371718168258667,0.030306339263916016
1750,14.185618877410889,0.27460789680480957,0.24791622161865234,0.32895922660827637,0.03818941116333008
1750,14.054385900497437,0.29384517669677734,0.2271409034729004,0.34276580810546875,0.03776407241821289
1750,14.290900945663452,0.2935214042663574,0.21719765663146973,0.3446023464202881,0.03968977928161621
1750,14.071078300476074,0.2756226062774658,0.25477147102355957,0.38878774642944336,0.035297393798828125
1750,14.036856889724731,0.2704918384552002,0.22110843658447266,0.326371431350708,0.03383278846740723
1750,14.416267395019531,0.26763319969177246,0.24028277397155762,0.3499429225921631,0.04331064224243164
1750,14.129765510559082,0.27961063385009766,0.23738884925842285,0.33643555641174316,0.037226200103759766
1750,13.878163814544678,0.2699873447418213,0.24681973457336426,0.3368351459503174,0.03651261329650879
1750,13.797527074813843,0.26694154739379883,0.222609281539917,0.33499574661254883,0.03694725036621094
1750,14.04789686203003,0.2908000946044922,0.28119874000549316,0.34871411323547363,0.04039597511291504
1750,13.712826251983643,0.2843654155731201,0.23628473281860352,0.32674694061279297,0.03885388374328613
1750,14.030392169952393,0.2733490467071533,0.21592497825622559,0.3406238555908203,0.038320064544677734
1750,15.824980735778809,0.2701563835144043,0.2293999195098877,0.36336731910705566,0.03952383995056152
1750,13.94501280784607,0.2840538024902344,0.24189972877502441,0.3497633934020996,0.04305577278137207
1750,14.091309785842896,0.2774033546447754,0.21607351303100586,0.3390188217163086,0.04212236404418945
1750,13.911171197891235,0.26661062240600586,0.2422482967376709,0.325361967086792,0.037636518478393555
1750,14.001814603805542,0.2654757499694824,0.26457762718200684,0.3547344207763672,0.03713822364807129
2000,19.000020027160645,0.4008328914642334,0.34189462661743164,0.6147332191467285,0.03222537040710449
2000,18.909583568572998,0.40776848793029785,0.2737605571746826,0.4776034355163574,0.034201622009277344
2000,18.913414239883423,0.37360477447509766,0.3017122745513916,0.5813400745391846,0.03609323501586914
2000,18.5137882232666,0.3627791404724121,0.3039817810058594,0.6981961727142334,0.04032731056213379
2000,18.63755965232849,0.371936559677124,0.2867140769958496,0.5231115818023682,0.03530287742614746
2000,18.77013921737671,0.36034321784973145,0.2790822982788086,0.43474483489990234,0.04087090492248535
2000,18.70276165008545,0.35906052589416504,0.2845730781555176,0.4254467487335205,0.03537392616271973
2000,18.6656231880188,0.4028494358062744,0.2872753143310547,0.45458221435546875,0.035335540771484375
2000,18.56360101699829,0.3628053665161133,0.36234474182128906,0.495194673538208,0.03727412223815918
2000,18.40448760986328,0.3927597999572754,0.302628755569458,0.4340229034423828,0.035481929779052734
2000,18.578526496887207,0.371593713760376,0.31287622451782227,0.42605018615722656,0.03900766372680664
2000,18.9848370552063,0.35635852813720703,0.2943460941314697,0.4363076686859131,0.039017438888549805
2000,18.64959168434143,0.36710476875305176,0.2887551784515381,0.4721536636352539,0.032648563385009766
2000,18.598130464553833,0.38645005226135254,0.27481722831726074,0.4606513977050781,0.036893606185913086
2000,18.68138813972473,0.3548924922943115,0.2922830581665039,0.42694973945617676,0.04502511024475098
2000,18.715216159820557,0.3707001209259033,0.3768303394317627,0.43364930152893066,0.04541182518005371
2000,18.459598541259766,0.3560514450073242,0.29567956924438477,0.4284377098083496,0.04697394371032715
2000,18.60247492790222,0.34917497634887695,0.30968499183654785,0.47870945930480957,0.04291868209838867
2000,18.711236238479614,0.38515353202819824,0.29499173164367676,0.5445289611816406,0.03978419303894043
2000,18.665950775146484,0.3903520107269287,0.2879822254180908,0.4558596611022949,0.03722214698791504
2000,18.657007932662964,0.370593786239624,0.2972097396850586,0.4376261234283447,0.04218268394470215
2000,18.7819766998291,0.36448216438293457,0.28308534622192383,0.4491300582885742,0.0374293327331543
2000,18.60218358039856,0.34636402130126953,0.3595302104949951,0.4695243835449219,0.044183969497680664
2000,18.65431308746338,0.34937238693237305,0.29167652130126953,0.4351015090942383,0.03867769241333008
2000,18.459908962249756,0.3711397647857666,0.3025522232055664,0.42614173889160156,0.03850388526916504
2000,18.709234476089478,0.36524510383605957,0.29289865493774414,0.42783451080322266,0.03302145004272461
2000,18.765488862991333,0.35355710983276367,0.2951009273529053,0.45501089096069336,0.04496455192565918
2000,19.02180004119873,0.358508825302124,0.29256582260131836,0.47147321701049805,0.03664851188659668
2000,18.70067048072815,0.3507833480834961,0.27059316635131836,0.44246673583984375,0.03488492965698242
2000,18.736003637313843,0.3668687343597412,0.3398325443267822,0.4276137351989746,0.04087519645690918
2000,18.665138721466064,0.3830857276916504,0.28752732276916504,0.4276297092437744,0.04182553291320801
2000,18.94729971885681,0.3766360282897949,0.29946422576904297,0.4728097915649414,0.040724754333496094
2000,19.298222064971924,0.3717074394226074,0.30402469635009766,0.4449284076690674,0.040724754333496094
2000,18.753772258758545,0.3609588146209717,0.2967057228088379,0.43260908126831055,0.037016868591308594
2000,18.731882333755493,0.35186195373535156,0.28624963760375977,0.42859673500061035,0.04254961013793945
2000,18.737902402877808,0.3508474826812744,0.28852176666259766,0.43518590927124023,0.040696144104003906
2000,18.72095823287964,0.37113332748413086,0.3311295509338379,0.49527978897094727,0.03561520576477051
2000,18.545271635055542,0.3959312438964844,0.27376365661621094,0.4429779052734375,0.039678335189819336
2000,18.5394184589386,0.3872838020324707,0.29044604301452637,0.4526994228363037,0.04338550567626953
2000,19.897013902664185,0.3754599094390869,0.29885339736938477,0.4360778331756592,0.06016659736633301
2000,18.78694200515747,0.38197755813598633,0.28673768043518066,0.44962239265441895,0.07314324378967285
2000,18.630208730697632,0.3638601303100586,0.28262901306152344,0.4653322696685791,0.04772758483886719
2000,18.520318269729614,0.38897228240966797,0.2748565673828125,0.4368598461151123,0.04057812690734863
2000,18.865133047103882,0.39887213706970215,0.2996084690093994,0.43814635276794434,0.04230928421020508
2000,18.79077124595642,0.3667926788330078,0.351485013961792,0.43286585807800293,0.0373232364654541
2000,18.777995347976685,0.3528401851654053,0.27582573890686035,0.4516441822052002,0.0343019962310791
2000,18.73775601387024,0.35135889053344727,0.308804988861084,0.47237300872802734,0.034461021423339844
2000,18.66861653327942,0.34754228591918945,0.3188326358795166,0.4378950595855713,0.039179325103759766
2000,18.77819800376892,0.3928525447845459,0.28276872634887695,0.4438202381134033,0.043842315673828125
2000,19.30599093437195,0.39229631423950195,0.2873539924621582,0.4360466003417969,0.04655814170837402
2000,18.807706594467163,0.3531324863433838,0.3026907444000244,0.5110006332397461,0.047910451889038086
2000,18.71602439880371,0.34851551055908203,0.32524704933166504,0.4808628559112549,0.04695749282836914
2000,18.870388746261597,0.3480184078216553,0.2896735668182373,0.4407193660736084,0.04901742935180664
2000,18.67932677268982,0.35176658630371094,0.2811875343322754,0.44365644454956055,0.04295468330383301
2000,18.81033754348755,0.37868690490722656,0.30334043502807617,0.4409151077270508,0.04259896278381348
2000,18.74309229850769,0.35562610626220703,0.29996705055236816,0.45088815689086914,0.040360212326049805
2000,18.662472009658813,0.34262871742248535,0.28954076766967773,0.45648717880249023,0.03772711753845215
2000,18.652070999145508,0.3430030345916748,0.28581690788269043,0.4288675785064697,0.04165840148925781
2000,18.813257694244385,0.3416121006011963,0.3503415584564209,0.4361400604248047,0.03836417198181152
2000,18.521692037582397,0.3547983169555664,0.30292272567749023,0.4732978343963623,0.03687310218811035
2000,18.671157121658325,0.3977823257446289,0.2877068519592285,0.4667084217071533,0.03440499305725098
2000,18.631937742233276,0.3621230125427246,0.29108119010925293,0.4418330192565918,0.03950762748718262
2000,18.7562198638916,0.3479800224304199,0.3105757236480713,0.4263288974761963,0.03917717933654785
2000,18.813295125961304,0.3469862937927246,0.28865671157836914,0.45601558685302734,0.04568624496459961
2000,18.70824646949768,0.35081958770751953,0.2998800277709961,0.43667078018188477,0.03863406181335449
2000,18.70673370361328,0.34038472175598145,0.2985355854034424,0.45517468452453613,0.046331167221069336
2000,18.713533639907837,0.38629961013793945,0.2771275043487549,0.4395608901977539,0.05345559120178223
2000,18.79362416267395,0.3661975860595703,0.27770209312438965,0.432448148727417,0.040659189224243164
2000,18.74695110321045,0.35474228858947754,0.2883892059326172,0.4589533805847168,0.038617849349975586
2000,18.82314109802246,0.3723471164703369,0.3094031810760498,0.43037915229797363,0.04459428787231445
2000,18.638530015945435,0.3529536724090576,0.2996788024902344,0.4617183208465576,0.04461789131164551
2000,18.535331964492798,0.3502187728881836,0.3069014549255371,0.4301319122314453,0.03833580017089844
2000,18.656939268112183,0.41515231132507324,0.3018608093261719,0.4381296634674072,0.044466495513916016
2000,18.687079191207886,0.3673238754272461,0.38477230072021484,0.45792675018310547,0.04056048393249512
2000,18.843404531478882,0.3526570796966553,0.32706236839294434,0.42449140548706055,0.037531137466430664
2000,19.319695711135864,0.362471342086792,0.3207428455352783,0.46608781814575195,0.03672027587890625
2000,18.717316389083862,0.34456658363342285,0.3680860996246338,0.4464380741119385,0.03811311721801758
2000,18.653080463409424,0.3454928398132324,0.2978343963623047,0.42992329597473145,0.042485713958740234
2000,18.887588024139404,0.4152204990386963,0.30513453483581543,0.4483616352081299,0.041843414306640625
2000,18.846629858016968,0.37954211235046387,0.36148834228515625,0.42678117752075195,0.04009532928466797
2000,18.677712440490723,0.3584294319152832,0.2862217426300049,0.4704420566558838,0.04253053665161133
2000,18.64209771156311,0.35007643699645996,0.2933673858642578,0.43465304374694824,0.04236578941345215
2000,18.629100799560547,0.34520745277404785,0.2901947498321533,0.43816113471984863,0.03868818283081055
2000,18.789556980133057,0.3617990016937256,0.3261888027191162,0.44554972648620605,0.044493913650512695
2000,18.69001054763794,0.4033203125,0.29866528511047363,0.4454076290130615,0.037470102310180664
2000,18.540746927261353,0.3639638423919678,0.30258846282958984,0.476332426071167,0.036774396896362305
2000,18.72658896446228,0.364593505859375,0.31452512741088867,0.43695878982543945,0.03890371322631836
2000,20.09490466117859,0.3470275402069092,0.2798292636871338,0.45637059211730957,0.04465317726135254
2000,18.911476850509644,0.35858654975891113,0.29044294357299805,0.44876766204833984,0.03619265556335449
2000,18.72900676727295,0.38402628898620605,0.29149556159973145,0.43672752380371094,0.03579139709472656
2000,18.839640855789185,0.39742541313171387,0.2814328670501709,0.45168066024780273,0.04683279991149902
2000,18.766226530075073,0.36287426948547363,0.3147099018096924,0.4368000030517578,0.03943824768066406
2000,18.678765058517456,0.3523430824279785,0.2856578826904297,0.46613287925720215,0.04126858711242676
2000,18.744930028915405,0.34978652000427246,0.3228037357330322,0.43726086616516113,0.04246068000793457
2000,18.709075927734375,0.3497328758239746,0.2954440116882324,0.44345593452453613,0.04101228713989258
2000,18.76120090484619,0.3725278377532959,0.302046537399292,0.45037031173706055,0.03629708290100098
2000,18.6949303150177,0.3893313407897949,0.2821836471557617,0.4473698139190674,0.04407644271850586
2000,21.444263696670532,0.36889123916625977,0.2801382541656494,0.43355870246887207,0.03648066520690918
2000,22.757843017578125,0.3689272403717041,0.30471253395080566,0.4472641944885254,0.04626750946044922
2000,18.759203910827637,0.35846662521362305,0.310288667678833,0.44865989685058594,0.04313397407531738
