0,50,1,integrator_leapfrog,0.02573394775390625,0.0027222633361816406
0,50,2,integrator_leapfrog,0.026341676712036133,0.0034532546997070312
0,50,3,integrator_leapfrog,0.02781057357788086,0.004420042037963867
0,50,4,integrator_leapfrog,0.025728464126586914,0.005606174468994141
0,50,5,integrator_leapfrog,0.027817249298095703,0.008166074752807617
0,100,1,integrator_leapfrog,0.028226852416992188,0.004684925079345703
0,100,2,integrator_leapfrog,0.031067371368408203,0.01167607307434082
0,100,3,integrator_leapfrog,0.02909994125366211,0.015421628952026367
0,100,4,integrator_leapfrog,0.04233074188232422,0.02735757827758789
0,100,5,integrator_leapfrog,0.03646659851074219,0.027163982391357422
0,150,1,integrator_leapfrog,0.04289436340332031,0.01985955238342285
0,150,2,integrator_leapfrog,0.058568716049194336,0.03443503379821777
0,150,3,integrator_leapfrog,0.08379793167114258,0.04361391067504883
0,150,4,integrator_leapfrog,0.1610267162322998,0.06224226951599121
0,150,5,integrator_leapfrog,0.09300780296325684,0.07655525207519531
0,200,1,integrator_leapfrog,0.05812835693359375,0.030347108840942383
0,200,2,integrator_leapfrog,0.08986878395080566,0.06397294998168945
0,200,3,integrator_leapfrog,0.1678462028503418,0.1626129150390625
0,200,4,integrator_leapfrog,0.11362648010253906,0.12965035438537598
0,200,5,integrator_leapfrog,0.19051003456115723,0.19584059715270996
0,250,1,integrator_leapfrog,0.08654356002807617,0.061348676681518555
0,250,2,integrator_leapfrog,0.09390139579772949,0.10451102256774902
0,250,3,integrator_leapfrog,0.13137412071228027,0.16315627098083496
0,250,4,integrator_leapfrog,0.20411348342895508,0.22347664833068848
0,250,5,integrator_leapfrog,0.4029831886291504,0.4291665554046631
0,300,1,integrator_leapfrog,0.12984609603881836,0.09240961074829102
0,300,2,integrator_leapfrog,0.18902325630187988,0.209700345993042
0,300,3,integrator_leapfrog,0.2721736431121826,0.29185009002685547
0,300,4,integrator_leapfrog,0.31426548957824707,0.48813319206237793
0,300,5,integrator_leapfrog,0.376554012298584,0.3886687755584717
0,50,1,integrator_leapfrog,0.039278507232666016,0.0024805068969726562
0,50,2,integrator_leapfrog,0.033246517181396484,0.007066965103149414
0,50,3,integrator_leapfrog,0.034891605377197266,0.006893157958984375
0,50,4,integrator_leapfrog,0.04445052146911621,0.010165929794311523
0,50,5,integrator_leapfrog,0.03503537178039551,0.007980823516845703
0,100,1,integrator_leapfrog,0.0491640567779541,0.013364076614379883
0,100,2,integrator_leapfrog,0.03152036666870117,0.011003732681274414
0,100,3,integrator_leapfrog,0.03291153907775879,0.015380620956420898
0,100,4,integrator_leapfrog,0.03416752815246582,0.019644498825073242
0,100,5,integrator_leapfrog,0.03398871421813965,0.025321245193481445
0,150,1,integrator_leapfrog,0.07962155342102051,0.045810699462890625
0,150,2,integrator_leapfrog,0.05526471138000488,0.034273386001586914
0,150,3,integrator_leapfrog,0.09160065650939941,0.046022891998291016
0,150,4,integrator_leapfrog,0.09405684471130371,0.0668332576751709
0,150,5,integrator_leapfrog,0.1206197738647461,0.07931137084960938
0,200,1,integrator_leapfrog,0.06206250190734863,0.029392719268798828
0,200,2,integrator_leapfrog,0.07104182243347168,0.06304621696472168
0,200,3,integrator_leapfrog,0.16089892387390137,0.10563111305236816
0,200,4,integrator_leapfrog,0.14881110191345215,0.13157153129577637
0,200,5,integrator_leapfrog,0.15477395057678223,0.21413898468017578
0,250,1,integrator_leapfrog,0.09734725952148438,0.06311345100402832
0,250,2,integrator_leapfrog,0.16523408889770508,0.11901736259460449
0,250,3,integrator_leapfrog,0.14801359176635742,0.16922926902770996
0,250,4,integrator_leapfrog,0.21448278427124023,0.2415316104888916
0,250,5,integrator_leapfrog,0.42801666259765625,0.3440682888031006
0,300,1,integrator_leapfrog,0.14040017127990723,0.09633231163024902
0,300,2,integrator_leapfrog,0.22704553604125977,0.21451044082641602
0,300,3,integrator_leapfrog,0.26884031295776367,0.277341365814209
0,300,4,integrator_leapfrog,0.3113248348236084,0.36432957649230957
0,300,5,integrator_leapfrog,0.5552945137023926,0.8010740280151367
0,50,1,integrator_leapfrog,0.04513740539550781,0.0025768280029296875
0,50,2,integrator_leapfrog,0.030497312545776367,0.0033681392669677734
0,50,3,integrator_leapfrog,0.037755489349365234,0.005645275115966797
0,50,4,integrator_leapfrog,0.0605008602142334,0.013968229293823242
0,50,5,integrator_leapfrog,0.07976341247558594,0.030463695526123047
0,100,1,integrator_leapfrog,0.041884422302246094,0.010150432586669922
0,100,2,integrator_leapfrog,0.040024757385253906,0.013946056365966797
0,100,3,integrator_leapfrog,0.03757333755493164,0.025543928146362305
0,100,4,integrator_leapfrog,0.037198543548583984,0.02353191375732422
0,100,5,integrator_leapfrog,0.0381617546081543,0.029595375061035156
0,150,1,integrator_leapfrog,0.06983304023742676,0.03267955780029297
0,150,2,integrator_leapfrog,0.08466839790344238,0.04764604568481445
0,150,3,integrator_leapfrog,0.12338089942932129,0.09602141380310059
0,150,4,integrator_leapfrog,0.2158794403076172,0.13329243659973145
0,150,5,integrator_leapfrog,0.2201380729675293,0.1681821346282959
0,200,1,integrator_leapfrog,0.12175846099853516,0.06280255317687988
0,200,2,integrator_leapfrog,0.09581208229064941,0.06986379623413086
0,200,3,integrator_leapfrog,0.13491606712341309,0.11023092269897461
0,200,4,integrator_leapfrog,0.14188909530639648,0.12998104095458984
0,200,5,integrator_leapfrog,0.17690253257751465,0.16411185264587402
0,250,1,integrator_leapfrog,0.14907193183898926,0.10053849220275879
0,250,2,integrator_leapfrog,0.3141763210296631,0.12485575675964355
0,250,3,integrator_leapfrog,0.2612922191619873,0.16468358039855957
0,250,4,integrator_leapfrog,0.19492721557617188,0.19387507438659668
0,250,5,integrator_leapfrog,0.2049546241760254,0.2732975482940674
0,300,1,integrator_leapfrog,0.09575700759887695,0.06871175765991211
0,300,2,integrator_leapfrog,0.12900066375732422,0.13979387283325195
0,300,3,integrator_leapfrog,0.3437974452972412,0.3038027286529541
0,300,4,integrator_leapfrog,0.46921277046203613,0.34886598587036133
0,300,5,integrator_leapfrog,0.3930478096008301,1.2378132343292236
0,50,1,integrator_leapfrog,0.04555201530456543,0.0024840831756591797
0,50,2,integrator_leapfrog,0.029272079467773438,0.0036902427673339844
0,50,3,integrator_leapfrog,0.027605772018432617,0.00690770149230957
0,50,4,integrator_leapfrog,0.0295565128326416,0.006470203399658203
0,50,5,integrator_leapfrog,0.028410911560058594,0.007238149642944336
0,100,1,integrator_leapfrog,0.02853846549987793,0.004940509796142578
0,100,2,integrator_leapfrog,0.02877974510192871,0.008940696716308594
0,100,3,integrator_leapfrog,0.0360562801361084,0.014749765396118164
0,100,4,integrator_leapfrog,0.033617496490478516,0.017079830169677734
0,100,5,integrator_leapfrog,0.03169393539428711,0.02183818817138672
0,150,1,integrator_leapfrog,0.04486966133117676,0.016906261444091797
0,150,2,integrator_leapfrog,0.08623313903808594,0.04122281074523926
0,150,3,integrator_leapfrog,0.10154175758361816,0.05824995040893555
0,150,4,integrator_leapfrog,0.09170174598693848,0.0616154670715332
0,150,5,integrator_leapfrog,0.1202535629272461,0.08362126350402832
0,200,1,integrator_leapfrog,0.07045435905456543,0.031522274017333984
0,200,2,integrator_leapfrog,0.07627367973327637,0.060555458068847656
0,200,3,integrator_leapfrog,0.22472667694091797,0.11084580421447754
0,200,4,integrator_leapfrog,0.15620827674865723,0.12448716163635254
0,200,5,integrator_leapfrog,0.22104406356811523,0.18379878997802734
0,250,1,integrator_leapfrog,0.0704500675201416,0.04180741310119629
0,250,2,integrator_leapfrog,0.13038992881774902,0.13208675384521484
0,250,3,integrator_leapfrog,0.2121129035949707,0.1538383960723877
0,250,4,integrator_leapfrog,0.24117469787597656,0.1732039451599121
0,250,5,integrator_leapfrog,0.17997479438781738,0.1915743350982666
0,300,1,integrator_leapfrog,0.08549308776855469,0.06589579582214355
0,300,2,integrator_leapfrog,0.09283685684204102,0.11656427383422852
0,300,3,integrator_leapfrog,0.17531776428222656,0.20475268363952637
0,300,4,integrator_leapfrog,0.25524139404296875,0.26913881301879883
0,300,5,integrator_leapfrog,0.2820570468902588,0.3583567142486572
0,50,1,integrator_leapfrog,0.024250268936157227,0.001970052719116211
0,50,2,integrator_leapfrog,0.024326801300048828,0.0029735565185546875
0,50,3,integrator_leapfrog,0.02413797378540039,0.004154205322265625
0,50,4,integrator_leapfrog,0.024202823638916016,0.005157947540283203
0,50,5,integrator_leapfrog,0.029817581176757812,0.006349325180053711
0,100,1,integrator_leapfrog,0.02786564826965332,0.004785776138305664
0,100,2,integrator_leapfrog,0.026579856872558594,0.009970426559448242
0,100,3,integrator_leapfrog,0.0278167724609375,0.0120086669921875
0,100,4,integrator_leapfrog,0.02821826934814453,0.015990257263183594
0,100,5,integrator_leapfrog,0.04188275337219238,0.024765729904174805
0,150,1,integrator_leapfrog,0.04062294960021973,0.014881372451782227
0,150,2,integrator_leapfrog,0.06378555297851562,0.02955484390258789
0,150,3,integrator_leapfrog,0.0903632640838623,0.0512850284576416
0,150,4,integrator_leapfrog,0.1436598300933838,0.1071920394897461
0,150,5,integrator_leapfrog,0.23569416999816895,0.0898127555847168
0,200,1,integrator_leapfrog,0.05877280235290527,0.0338132381439209
0,200,2,integrator_leapfrog,0.07374405860900879,0.06324958801269531
0,200,3,integrator_leapfrog,0.1090250015258789,0.08652138710021973
0,200,4,integrator_leapfrog,0.12660694122314453,0.1030733585357666
0,200,5,integrator_leapfrog,0.13920140266418457,0.16864585876464844
0,250,1,integrator_leapfrog,0.060050249099731445,0.04605674743652344
0,250,2,integrator_leapfrog,0.07875752449035645,0.0794227123260498
0,250,3,integrator_leapfrog,0.14367437362670898,0.1376180648803711
0,250,4,integrator_leapfrog,0.13922929763793945,0.17505168914794922
0,250,5,integrator_leapfrog,0.2019944190979004,0.2392101287841797
0,300,1,integrator_leapfrog,0.07575654983520508,0.05207467079162598
0,300,2,integrator_leapfrog,0.09269309043884277,0.10627603530883789
0,300,3,integrator_leapfrog,0.22420811653137207,0.24507713317871094
0,300,4,integrator_leapfrog,0.33823609352111816,0.31941843032836914
0,300,5,integrator_leapfrog,0.22027158737182617,0.3682670593261719
0,50,1,integrator_leapfrog,0.0276949405670166,0.0020742416381835938
0,50,2,integrator_leapfrog,0.0265500545501709,0.0029954910278320312
0,50,3,integrator_leapfrog,0.056421518325805664,0.006384372711181641
0,50,4,integrator_leapfrog,0.0255277156829834,0.00545811653137207
0,50,5,integrator_leapfrog,0.026204586029052734,0.006466865539550781
0,100,1,integrator_leapfrog,0.08333492279052734,0.02990865707397461
0,100,2,integrator_leapfrog,0.03821516036987305,0.010364532470703125
0,100,3,integrator_leapfrog,0.02856135368347168,0.01329493522644043
0,100,4,integrator_leapfrog,0.030252695083618164,0.017136573791503906
0,100,5,integrator_leapfrog,0.0313262939453125,0.020136594772338867
0,150,1,integrator_leapfrog,0.03837108612060547,0.013958215713500977
0,150,2,integrator_leapfrog,0.06174659729003906,0.03710651397705078
0,150,3,integrator_leapfrog,0.08412528038024902,0.0456995964050293
0,150,4,integrator_leapfrog,0.10731029510498047,0.06492829322814941
0,150,5,integrator_leapfrog,0.1101229190826416,0.08221745491027832
0,200,1,integrator_leapfrog,0.050566673278808594,0.024411678314208984
0,200,2,integrator_leapfrog,0.0771174430847168,0.06566596031188965
0,200,3,integrator_leapfrog,0.11243391036987305,0.11450982093811035
0,200,4,integrator_leapfrog,0.12851572036743164,0.11551523208618164
0,200,5,integrator_leapfrog,0.18817830085754395,0.1402726173400879
0,250,1,integrator_leapfrog,0.06885743141174316,0.04019808769226074
0,250,2,integrator_leapfrog,0.08050179481506348,0.07653260231018066
0,250,3,integrator_leapfrog,0.1451094150543213,0.11780405044555664
0,250,4,integrator_leapfrog,0.19635319709777832,0.18938064575195312
0,250,5,integrator_leapfrog,0.16864633560180664,0.22722792625427246
0,300,1,integrator_leapfrog,0.0718839168548584,0.05559277534484863
0,300,2,integrator_leapfrog,0.09261202812194824,0.09734916687011719
0,300,3,integrator_leapfrog,0.17244815826416016,0.21119403839111328
0,300,4,integrator_leapfrog,0.24896478652954102,0.23537325859069824
0,300,5,integrator_leapfrog,0.24749469757080078,0.35038185119628906
0,50,1,integrator_leapfrog,0.02359175682067871,0.0017895698547363281
0,50,2,integrator_leapfrog,0.026396751403808594,0.0033807754516601562
0,50,3,integrator_leapfrog,0.023424386978149414,0.004079341888427734
0,50,4,integrator_leapfrog,0.02453136444091797,0.004998207092285156
0,50,5,integrator_leapfrog,0.035863637924194336,0.007873773574829102
0,100,1,integrator_leapfrog,0.028776884078979492,0.004975080490112305
0,100,2,integrator_leapfrog,0.027681350708007812,0.008383989334106445
0,100,3,integrator_leapfrog,0.03335714340209961,0.013971805572509766
0,100,4,integrator_leapfrog,0.0336151123046875,0.01659870147705078
0,100,5,integrator_leapfrog,0.030384540557861328,0.021184206008911133
0,150,1,integrator_leapfrog,0.04393815994262695,0.016213655471801758
0,150,2,integrator_leapfrog,0.04764676094055176,0.027872562408447266
0,150,3,integrator_leapfrog,0.0753929615020752,0.03992033004760742
0,150,4,integrator_leapfrog,0.07608246803283691,0.04802584648132324
0,150,5,integrator_leapfrog,0.10170531272888184,0.08356904983520508
0,200,1,integrator_leapfrog,0.057770490646362305,0.028278112411499023
0,200,2,integrator_leapfrog,0.07814836502075195,0.04679369926452637
0,200,3,integrator_leapfrog,0.10460972785949707,0.08707809448242188
0,200,4,integrator_leapfrog,0.10860872268676758,0.11144351959228516
0,200,5,integrator_leapfrog,0.27388787269592285,0.2043447494506836
0,250,1,integrator_leapfrog,0.06205177307128906,0.049569129943847656
0,250,2,integrator_leapfrog,0.08240938186645508,0.09224915504455566
0,250,3,integrator_leapfrog,0.2740743160247803,0.19242167472839355
0,250,4,integrator_leapfrog,0.16447973251342773,0.20156192779541016
0,250,5,integrator_leapfrog,0.2866086959838867,0.280529260635376
0,300,1,integrator_leapfrog,0.09200787544250488,0.054650306701660156
0,300,2,integrator_leapfrog,0.10607028007507324,0.12644028663635254
0,300,3,integrator_leapfrog,0.24436283111572266,0.23467016220092773
0,300,4,integrator_leapfrog,0.3434023857116699,0.32645726203918457
0,300,5,integrator_leapfrog,0.41428446769714355,0.42833518981933594
0,50,1,integrator_leapfrog,0.02857208251953125,0.0022728443145751953
0,50,2,integrator_leapfrog,0.033667564392089844,0.003686666488647461
0,50,3,integrator_leapfrog,0.02709341049194336,0.004418373107910156
0,50,4,integrator_leapfrog,0.025890827178955078,0.005379915237426758
0,50,5,integrator_leapfrog,0.02534008026123047,0.006320476531982422
0,100,1,integrator_leapfrog,0.027716636657714844,0.004476785659790039
0,100,2,integrator_leapfrog,0.027686357498168945,0.008434057235717773
0,100,3,integrator_leapfrog,0.05581521987915039,0.021807432174682617
0,100,4,integrator_leapfrog,0.047225236892700195,0.03056192398071289
0,100,5,integrator_leapfrog,0.03326272964477539,0.022133588790893555
0,150,1,integrator_leapfrog,0.04695773124694824,0.015009880065917969
0,150,2,integrator_leapfrog,0.044634342193603516,0.02511453628540039
0,150,3,integrator_leapfrog,0.05749058723449707,0.04098320007324219
0,150,4,integrator_leapfrog,0.14040446281433105,0.06110405921936035
0,150,5,integrator_leapfrog,0.13638091087341309,0.08872509002685547
0,200,1,integrator_leapfrog,0.05048632621765137,0.024914979934692383
0,200,2,integrator_leapfrog,0.07075691223144531,0.08173155784606934
0,200,3,integrator_leapfrog,0.1381828784942627,0.09387373924255371
0,200,4,integrator_leapfrog,0.11805963516235352,0.10353899002075195
0,200,5,integrator_leapfrog,0.19630026817321777,0.22730040550231934
0,250,1,integrator_leapfrog,0.09485197067260742,0.04677009582519531
0,250,2,integrator_leapfrog,0.07856869697570801,0.09952783584594727
0,250,3,integrator_leapfrog,0.13664793968200684,0.14637327194213867
0,250,4,integrator_leapfrog,0.17699289321899414,0.1912984848022461
0,250,5,integrator_leapfrog,0.2316741943359375,0.24401307106018066
0,300,1,integrator_leapfrog,0.09450840950012207,0.05397343635559082
0,300,2,integrator_leapfrog,0.09921860694885254,0.10396242141723633
0,300,3,integrator_leapfrog,0.1669609546661377,0.1691286563873291
0,300,4,integrator_leapfrog,0.1822500228881836,0.23619699478149414
0,300,5,integrator_leapfrog,0.40076136589050293,0.5503249168395996
0,50,1,integrator_leapfrog,0.025614023208618164,0.0019652843475341797
0,50,2,integrator_leapfrog,0.024411678314208984,0.0030798912048339844
0,50,3,integrator_leapfrog,0.02421283721923828,0.004093170166015625
0,50,4,integrator_leapfrog,0.028172731399536133,0.006091594696044922
0,50,5,integrator_leapfrog,0.026715755462646484,0.006371498107910156
0,100,1,integrator_leapfrog,0.027217388153076172,0.0047206878662109375
0,100,2,integrator_leapfrog,0.03305315971374512,0.010145187377929688
0,100,3,integrator_leapfrog,0.0293121337890625,0.013842105865478516
0,100,4,integrator_leapfrog,0.05498647689819336,0.021661043167114258
0,100,5,integrator_leapfrog,0.0320124626159668,0.020703792572021484
0,150,1,integrator_leapfrog,0.07464742660522461,0.029340267181396484
0,150,2,integrator_leapfrog,0.07634758949279785,0.034621477127075195
0,150,3,integrator_leapfrog,0.19117331504821777,0.04845571517944336
0,150,4,integrator_leapfrog,0.08206939697265625,0.054734230041503906
0,150,5,integrator_leapfrog,0.1396491527557373,0.07587981224060059
0,200,1,integrator_leapfrog,0.05894970893859863,0.027535676956176758
0,200,2,integrator_leapfrog,0.06500720977783203,0.06001400947570801
0,200,3,integrator_leapfrog,0.08704018592834473,0.06932234764099121
0,200,4,integrator_leapfrog,0.16805005073547363,0.12755084037780762
0,200,5,integrator_leapfrog,0.17023563385009766,0.13184428215026855
0,250,1,integrator_leapfrog,0.07266736030578613,0.04549288749694824
0,250,2,integrator_leapfrog,0.11540699005126953,0.10451841354370117
0,250,3,integrator_leapfrog,0.12944483757019043,0.13065361976623535
0,250,4,integrator_leapfrog,0.14981842041015625,0.1694493293762207
0,250,5,integrator_leapfrog,0.1862025260925293,0.2496788501739502
0,300,1,integrator_leapfrog,0.07766532897949219,0.05058598518371582
0,300,2,integrator_leapfrog,0.09571599960327148,0.11640810966491699
0,300,3,integrator_leapfrog,0.21428489685058594,0.25904273986816406
0,300,4,integrator_leapfrog,0.19241023063659668,0.2698802947998047
0,300,5,integrator_leapfrog,0.2380387783050537,0.32474708557128906
0,50,1,integrator_leapfrog,0.024538516998291016,0.0021381378173828125
0,50,2,integrator_leapfrog,0.02312183380126953,0.0029578208923339844
0,50,3,integrator_leapfrog,0.025443553924560547,0.0043981075286865234
0,50,4,integrator_leapfrog,0.030154705047607422,0.00612640380859375
0,50,5,integrator_leapfrog,0.026120901107788086,0.006437778472900391
0,100,1,integrator_leapfrog,0.029299259185791016,0.004746437072753906
0,100,2,integrator_leapfrog,0.026207447052001953,0.008238792419433594
0,100,3,integrator_leapfrog,0.028971195220947266,0.013905525207519531
0,100,4,integrator_leapfrog,0.03309035301208496,0.018903017044067383
0,100,5,integrator_leapfrog,0.031327009201049805,0.019801616668701172
0,150,1,integrator_leapfrog,0.04803776741027832,0.016097068786621094
0,150,2,integrator_leapfrog,0.06765437126159668,0.036289215087890625
0,150,3,integrator_leapfrog,0.06912684440612793,0.04386258125305176
0,150,4,integrator_leapfrog,0.1125345230102539,0.05806589126586914
0,150,5,integrator_leapfrog,0.15022635459899902,0.07564449310302734
0,200,1,integrator_leapfrog,0.05953097343444824,0.029511690139770508
0,200,2,integrator_leapfrog,0.0641469955444336,0.053865671157836914
0,200,3,integrator_leapfrog,0.2108898162841797,0.16924309730529785
0,200,4,integrator_leapfrog,0.1523294448852539,0.12440133094787598
0,200,5,integrator_leapfrog,0.3219871520996094,0.21453189849853516
0,250,1,integrator_leapfrog,0.08067774772644043,0.05122232437133789
0,250,2,integrator_leapfrog,0.11154866218566895,0.09746694564819336
0,250,3,integrator_leapfrog,0.1633601188659668,0.13705205917358398
0,250,4,integrator_leapfrog,0.16721320152282715,0.22356820106506348
0,250,5,integrator_leapfrog,0.2595672607421875,0.26464152336120605
0,300,1,integrator_leapfrog,0.0778493881225586,0.06667661666870117
0,300,2,integrator_leapfrog,0.10200333595275879,0.10462212562561035
0,300,3,integrator_leapfrog,0.2091975212097168,0.2036283016204834
0,300,4,integrator_leapfrog,0.25934576988220215,0.2938516139984131
0,300,5,integrator_leapfrog,0.30148983001708984,0.37066125869750977
0,50,1,integrator_leapfrog,0.027481794357299805,0.0021219253540039062
0,50,2,integrator_leapfrog,0.025801897048950195,0.003731966018676758
0,50,3,integrator_leapfrog,0.02423262596130371,0.004017829895019531
0,50,4,integrator_leapfrog,0.03535628318786621,0.006174564361572266
0,50,5,integrator_leapfrog,0.02865123748779297,0.006973743438720703
0,100,1,integrator_leapfrog,0.02683091163635254,0.004475593566894531
0,100,2,integrator_leapfrog,0.03259396553039551,0.009050846099853516
0,100,3,integrator_leapfrog,0.03424882888793945,0.016161680221557617
0,100,4,integrator_leapfrog,0.04878044128417969,0.027067899703979492
0,100,5,integrator_leapfrog,0.03322172164916992,0.021613359451293945
0,150,1,integrator_leapfrog,0.04013466835021973,0.01696181297302246
0,150,2,integrator_leapfrog,0.055095672607421875,0.03094482421875
0,150,3,integrator_leapfrog,0.08187341690063477,0.04691624641418457
0,150,4,integrator_leapfrog,0.09317302703857422,0.07295775413513184
0,150,5,integrator_leapfrog,0.10508060455322266,0.0806727409362793
0,200,1,integrator_leapfrog,0.054296016693115234,0.027495861053466797
0,200,2,integrator_leapfrog,0.09464478492736816,0.057515859603881836
0,200,3,integrator_leapfrog,0.10571885108947754,0.09186506271362305
0,200,4,integrator_leapfrog,0.13471150398254395,0.18332481384277344
0,200,5,integrator_leapfrog,0.1342172622680664,0.13800883293151855
0,250,1,integrator_leapfrog,0.06781601905822754,0.043291330337524414
0,250,2,integrator_leapfrog,0.12177562713623047,0.11442208290100098
0,250,3,integrator_leapfrog,0.23770594596862793,0.1383342742919922
0,250,4,integrator_leapfrog,0.22437405586242676,0.22504186630249023
0,250,5,integrator_leapfrog,0.21623587608337402,0.30977368354797363
0,300,1,integrator_leapfrog,0.0989065170288086,0.09284734725952148
0,300,2,integrator_leapfrog,0.1711561679840088,0.17668414115905762
0,300,3,integrator_leapfrog,0.18243885040283203,0.2140812873840332
0,300,4,integrator_leapfrog,0.2279345989227295,0.24147939682006836
0,300,5,integrator_leapfrog,0.2969655990600586,0.38938045501708984
0,50,1,integrator_leapfrog,0.02881145477294922,0.001844644546508789
0,50,2,integrator_leapfrog,0.03443789482116699,0.0031890869140625
0,50,3,integrator_leapfrog,0.0249483585357666,0.004221916198730469
0,50,4,integrator_leapfrog,0.02435135841369629,0.004985809326171875
0,50,5,integrator_leapfrog,0.031054019927978516,0.006574392318725586
0,100,1,integrator_leapfrog,0.026660919189453125,0.0045926570892333984
0,100,2,integrator_leapfrog,0.0330197811126709,0.012736797332763672
0,100,3,integrator_leapfrog,0.030018091201782227,0.012673377990722656
0,100,4,integrator_leapfrog,0.0282895565032959,0.016521453857421875
0,100,5,integrator_leapfrog,0.039920806884765625,0.02838611602783203
0,150,1,integrator_leapfrog,0.038765907287597656,0.014216184616088867
0,150,2,integrator_leapfrog,0.05192732810974121,0.027073383331298828
0,150,3,integrator_leapfrog,0.1195979118347168,0.04303097724914551
0,150,4,integrator_leapfrog,0.0886843204498291,0.06008148193359375
0,150,5,integrator_leapfrog,0.1230611801147461,0.06230759620666504
0,200,1,integrator_leapfrog,0.061971187591552734,0.026892423629760742
0,200,2,integrator_leapfrog,0.06286215782165527,0.04786324501037598
0,200,3,integrator_leapfrog,0.08522772789001465,0.08529782295227051
0,200,4,integrator_leapfrog,0.13048553466796875,0.10258984565734863
0,200,5,integrator_leapfrog,0.18147015571594238,0.157088041305542
0,250,1,integrator_leapfrog,0.06509137153625488,0.04350566864013672
0,250,2,integrator_leapfrog,0.10013175010681152,0.07392716407775879
0,250,3,integrator_leapfrog,0.25595951080322266,0.14468145370483398
0,250,4,integrator_leapfrog,0.27192091941833496,0.21660971641540527
0,250,5,integrator_leapfrog,0.2276613712310791,0.24840641021728516
0,300,1,integrator_leapfrog,0.07724976539611816,0.06159377098083496
0,300,2,integrator_leapfrog,0.14904499053955078,0.18517017364501953
0,300,3,integrator_leapfrog,0.293548583984375,0.24928855895996094
0,300,4,integrator_leapfrog,0.2050461769104004,0.23688530921936035
0,300,5,integrator_leapfrog,0.2752420902252197,0.33165574073791504
0,50,1,integrator_leapfrog,0.02952265739440918,0.002108335494995117
0,50,2,integrator_leapfrog,0.023649930953979492,0.0030732154846191406
0,50,3,integrator_leapfrog,0.0276947021484375,0.0044667720794677734
0,50,4,integrator_leapfrog,0.028384685516357422,0.005318880081176758
0,50,5,integrator_leapfrog,0.026049375534057617,0.006559133529663086
0,100,1,integrator_leapfrog,0.027155399322509766,0.0047376155853271484
0,100,2,integrator_leapfrog,0.026703357696533203,0.008456707000732422
0,100,3,integrator_leapfrog,0.02918386459350586,0.012798309326171875
0,100,4,integrator_leapfrog,0.028395652770996094,0.01714348793029785
0,100,5,integrator_leapfrog,0.03652524948120117,0.020190000534057617
0,150,1,integrator_leapfrog,0.04571533203125,0.01578807830810547
0,150,2,integrator_leapfrog,0.06109976768493652,0.044167280197143555
0,150,3,integrator_leapfrog,0.08232879638671875,0.05479836463928223
0,150,4,integrator_leapfrog,0.08350896835327148,0.04953122138977051
0,150,5,integrator_leapfrog,0.10566329956054688,0.06800484657287598
0,200,1,integrator_leapfrog,0.08314323425292969,0.04301595687866211
0,200,2,integrator_leapfrog,0.0752406120300293,0.061486005783081055
0,200,3,integrator_leapfrog,0.12077975273132324,0.09517073631286621
0,200,4,integrator_leapfrog,0.13310766220092773,0.09807133674621582
0,200,5,integrator_leapfrog,0.14340424537658691,0.14720892906188965
0,250,1,integrator_leapfrog,0.07807445526123047,0.054230690002441406
0,250,2,integrator_leapfrog,0.10442590713500977,0.09316730499267578
0,250,3,integrator_leapfrog,0.1236116886138916,0.11411762237548828
0,250,4,integrator_leapfrog,0.14473581314086914,0.18283390998840332
0,250,5,integrator_leapfrog,0.23824548721313477,0.31380391120910645
0,300,1,integrator_leapfrog,0.09306979179382324,0.05552101135253906
0,300,2,integrator_leapfrog,0.09636545181274414,0.101318359375
0,300,3,integrator_leapfrog,0.18288564682006836,0.18789982795715332
0,300,4,integrator_leapfrog,0.2990448474884033,0.42475152015686035
0,300,5,integrator_leapfrog,0.27715468406677246,0.35241079330444336
0,50,1,integrator_leapfrog,0.029628753662109375,0.002089977264404297
0,50,2,integrator_leapfrog,0.02512812614440918,0.003055572509765625
0,50,3,integrator_leapfrog,0.03273272514343262,0.0050046443939208984
0,50,4,integrator_leapfrog,0.03568911552429199,0.005819559097290039
0,50,5,integrator_leapfrog,0.03099679946899414,0.007735729217529297
0,100,1,integrator_leapfrog,0.038007259368896484,0.006732940673828125
0,100,2,integrator_leapfrog,0.028675556182861328,0.010989189147949219
0,100,3,integrator_leapfrog,0.03408360481262207,0.01330113410949707
0,100,4,integrator_leapfrog,0.029238224029541016,0.017071962356567383
0,100,5,integrator_leapfrog,0.03903818130493164,0.021678686141967773
0,150,1,integrator_leapfrog,0.04956960678100586,0.02454519271850586
0,150,2,integrator_leapfrog,0.05677914619445801,0.026769161224365234
0,150,3,integrator_leapfrog,0.06113171577453613,0.03739047050476074
0,150,4,integrator_leapfrog,0.09522557258605957,0.0541079044342041
0,150,5,integrator_leapfrog,0.14423775672912598,0.1289691925048828
0,200,1,integrator_leapfrog,0.04922366142272949,0.025098800659179688
0,200,2,integrator_leapfrog,0.08239006996154785,0.07095956802368164
0,200,3,integrator_leapfrog,0.11046624183654785,0.0825495719909668
0,200,4,integrator_leapfrog,0.09469866752624512,0.12263703346252441
0,200,5,integrator_leapfrog,0.1515493392944336,0.1652688980102539
0,250,1,integrator_leapfrog,0.14135074615478516,0.08106398582458496
0,250,2,integrator_leapfrog,0.09818911552429199,0.09704923629760742
0,250,3,integrator_leapfrog,0.19196414947509766,0.1819617748260498
0,250,4,integrator_leapfrog,0.15262198448181152,0.20440244674682617
0,250,5,integrator_leapfrog,0.19614481925964355,0.26638150215148926
0,300,1,integrator_leapfrog,0.07631659507751465,0.06433510780334473
0,300,2,integrator_leapfrog,0.09929013252258301,0.1206655502319336
0,300,3,integrator_leapfrog,0.18906688690185547,0.22433257102966309
0,300,4,integrator_leapfrog,0.24572157859802246,0.3163309097290039
0,300,5,integrator_leapfrog,0.4664905071258545,0.3272531032562256
0,50,1,integrator_leapfrog,0.03722047805786133,0.0025627613067626953
0,50,2,integrator_leapfrog,0.026950836181640625,0.003317117691040039
0,50,3,integrator_leapfrog,0.029340744018554688,0.0045392513275146484
0,50,4,integrator_leapfrog,0.024367570877075195,0.005304813385009766
0,50,5,integrator_leapfrog,0.02660989761352539,0.006209135055541992
0,100,1,integrator_leapfrog,0.02837657928466797,0.004528522491455078
0,100,2,integrator_leapfrog,0.05378413200378418,0.01502370834350586
0,100,3,integrator_leapfrog,0.028946876525878906,0.012642860412597656
0,100,4,integrator_leapfrog,0.02930927276611328,0.016945838928222656
0,100,5,integrator_leapfrog,0.04540514945983887,0.02423381805419922
0,150,1,integrator_leapfrog,0.03906130790710449,0.013742685317993164
0,150,2,integrator_leapfrog,0.04614591598510742,0.027324914932250977
0,150,3,integrator_leapfrog,0.08686709403991699,0.04756283760070801
0,150,4,integrator_leapfrog,0.1333773136138916,0.10861682891845703
0,150,5,integrator_leapfrog,0.2643918991088867,0.21531224250793457
0,200,1,integrator_leapfrog,0.11350250244140625,0.07240819931030273
0,200,2,integrator_leapfrog,0.06825470924377441,0.054999589920043945
0,200,3,integrator_leapfrog,0.20278310775756836,0.16071152687072754
0,200,4,integrator_leapfrog,0.15854310989379883,0.13196516036987305
0,200,5,integrator_leapfrog,0.4538383483886719,0.33800339698791504
0,250,1,integrator_leapfrog,0.08031773567199707,0.04788923263549805
0,250,2,integrator_leapfrog,0.10953617095947266,0.09383630752563477
0,250,3,integrator_leapfrog,0.2142353057861328,0.1673264503479004
0,250,4,integrator_leapfrog,0.19414281845092773,0.19624042510986328
0,250,5,integrator_leapfrog,0.36043214797973633,0.5233242511749268
0,300,1,integrator_leapfrog,0.15184307098388672,0.0970146656036377
0,300,2,integrator_leapfrog,0.3391227722167969,0.34409618377685547
0,300,3,integrator_leapfrog,0.6050450801849365,0.3820202350616455
0,300,4,integrator_leapfrog,0.3815913200378418,0.38931965827941895
0,300,5,integrator_leapfrog,0.5627691745758057,0.5401828289031982
0,50,1,integrator_leapfrog,0.038906097412109375,0.002115964889526367
0,50,2,integrator_leapfrog,0.045177459716796875,0.0039975643157958984
0,50,3,integrator_leapfrog,0.03698229789733887,0.009702444076538086
0,50,4,integrator_leapfrog,0.043322086334228516,0.006947994232177734
0,50,5,integrator_leapfrog,0.041721343994140625,0.014707326889038086
0,100,1,integrator_leapfrog,0.04662203788757324,0.007437944412231445
0,100,2,integrator_leapfrog,0.054375410079956055,0.011966943740844727
0,100,3,integrator_leapfrog,0.03648877143859863,0.014311075210571289
0,100,4,integrator_leapfrog,0.033478498458862305,0.017901182174682617
0,100,5,integrator_leapfrog,0.06942081451416016,0.03868436813354492
0,150,1,integrator_leapfrog,0.07837986946105957,0.03224587440490723
0,150,2,integrator_leapfrog,0.06599235534667969,0.03241991996765137
0,150,3,integrator_leapfrog,0.10039973258972168,0.05068850517272949
0,150,4,integrator_leapfrog,0.10125017166137695,0.07152771949768066
0,150,5,integrator_leapfrog,0.10274171829223633,0.07495570182800293
0,200,1,integrator_leapfrog,0.07012939453125,0.029700756072998047
0,200,2,integrator_leapfrog,0.06437206268310547,0.06420159339904785
0,200,3,integrator_leapfrog,0.0838465690612793,0.08935141563415527
0,200,4,integrator_leapfrog,0.1457667350769043,0.1094963550567627
0,200,5,integrator_leapfrog,0.1432180404663086,0.14051032066345215
0,250,1,integrator_leapfrog,0.07700061798095703,0.0379941463470459
0,250,2,integrator_leapfrog,0.11712813377380371,0.08595442771911621
0,250,3,integrator_leapfrog,0.1389296054840088,0.1295788288116455
0,250,4,integrator_leapfrog,0.21614384651184082,0.181410551071167
0,250,5,integrator_leapfrog,0.2910006046295166,0.2607741355895996
0,300,1,integrator_leapfrog,0.08475542068481445,0.0529630184173584
0,300,2,integrator_leapfrog,0.10363507270812988,0.13067197799682617
0,300,3,integrator_leapfrog,0.19077682495117188,0.1963953971862793
0,300,4,integrator_leapfrog,0.27170252799987793,0.284409761428833
0,300,5,integrator_leapfrog,0.32673025131225586,0.3900458812713623
0,50,1,integrator_leapfrog,0.025961637496948242,0.0029888153076171875
0,50,2,integrator_leapfrog,0.02557206153869629,0.003569364547729492
0,50,3,integrator_leapfrog,0.026402711868286133,0.0051021575927734375
0,50,4,integrator_leapfrog,0.027834415435791016,0.005535125732421875
0,50,5,integrator_leapfrog,0.030656099319458008,0.007555723190307617
0,100,1,integrator_leapfrog,0.02961134910583496,0.004732608795166016
0,100,2,integrator_leapfrog,0.030018329620361328,0.009634017944335938
0,100,3,integrator_leapfrog,0.030722379684448242,0.018942594528198242
0,100,4,integrator_leapfrog,0.03210091590881348,0.017774581909179688
0,100,5,integrator_leapfrog,0.0351254940032959,0.021482229232788086
0,150,1,integrator_leapfrog,0.046881675720214844,0.01657581329345703
0,150,2,integrator_leapfrog,0.07247257232666016,0.02985382080078125
0,150,3,integrator_leapfrog,0.07561898231506348,0.040704965591430664
0,150,4,integrator_leapfrog,0.10628247261047363,0.06564712524414062
0,150,5,integrator_leapfrog,0.1178884506225586,0.08543705940246582
0,200,1,integrator_leapfrog,0.05547499656677246,0.02349567413330078
0,200,2,integrator_leapfrog,0.07160019874572754,0.08954858779907227
0,200,3,integrator_leapfrog,0.11172366142272949,0.08879590034484863
0,200,4,integrator_leapfrog,0.11390924453735352,0.10677266120910645
0,200,5,integrator_leapfrog,0.17990541458129883,0.15274620056152344
0,250,1,integrator_leapfrog,0.08069443702697754,0.050330162048339844
0,250,2,integrator_leapfrog,0.11691832542419434,0.09405159950256348
0,250,3,integrator_leapfrog,0.13785648345947266,0.18549537658691406
0,250,4,integrator_leapfrog,0.18812298774719238,0.2243795394897461
0,250,5,integrator_leapfrog,0.20699572563171387,0.265031099319458
0,300,1,integrator_leapfrog,0.08315491676330566,0.06026935577392578
0,300,2,integrator_leapfrog,0.12305736541748047,0.11759352684020996
0,300,3,integrator_leapfrog,0.20505905151367188,0.2090616226196289
0,300,4,integrator_leapfrog,0.2489614486694336,0.3627293109893799
0,300,5,integrator_leapfrog,0.4713904857635498,0.4469020366668701
0,50,1,integrator_leapfrog,0.025742530822753906,0.00182342529296875
0,50,2,integrator_leapfrog,0.030196666717529297,0.0041964054107666016
0,50,3,integrator_leapfrog,0.026895761489868164,0.004339694976806641
0,50,4,integrator_leapfrog,0.030248165130615234,0.005552530288696289
0,50,5,integrator_leapfrog,0.029321908950805664,0.007027149200439453
0,100,1,integrator_leapfrog,0.027185440063476562,0.00454258918762207
0,100,2,integrator_leapfrog,0.027648210525512695,0.008270978927612305
0,100,3,integrator_leapfrog,0.05974078178405762,0.022258520126342773
0,100,4,integrator_leapfrog,0.04533243179321289,0.028881549835205078
0,100,5,integrator_leapfrog,0.04918026924133301,0.03429150581359863
0,150,1,integrator_leapfrog,0.06090950965881348,0.017209291458129883
0,150,2,integrator_leapfrog,0.07854175567626953,0.039131879806518555
0,150,3,integrator_leapfrog,0.10366606712341309,0.05326366424560547
0,150,4,integrator_leapfrog,0.0828092098236084,0.051897525787353516
0,150,5,integrator_leapfrog,0.1214292049407959,0.07382059097290039
0,200,1,integrator_leapfrog,0.04954719543457031,0.02288365364074707
0,200,2,integrator_leapfrog,0.06731319427490234,0.05944967269897461
0,200,3,integrator_leapfrog,0.15185117721557617,0.09077882766723633
0,200,4,integrator_leapfrog,0.14218902587890625,0.10685610771179199
0,200,5,integrator_leapfrog,0.13170266151428223,0.15255379676818848
0,250,1,integrator_leapfrog,0.06583166122436523,0.04098629951477051
0,250,2,integrator_leapfrog,0.07630228996276855,0.07663226127624512
0,250,3,integrator_leapfrog,0.1585698127746582,0.1795210838317871
0,250,4,integrator_leapfrog,0.16794300079345703,0.19887804985046387
0,250,5,integrator_leapfrog,0.2793312072753906,0.2272486686706543
0,300,1,integrator_leapfrog,0.08082199096679688,0.058852195739746094
0,300,2,integrator_leapfrog,0.09231877326965332,0.11136341094970703
0,300,3,integrator_leapfrog,0.1748964786529541,0.21010613441467285
0,300,4,integrator_leapfrog,0.31697702407836914,0.3844141960144043
0,300,5,integrator_leapfrog,0.5085494518280029,0.5043880939483643
0,50,1,integrator_leapfrog,0.043622493743896484,0.0026373863220214844
0,50,2,integrator_leapfrog,0.03863954544067383,0.008107185363769531
0,50,3,integrator_leapfrog,0.031289100646972656,0.004873991012573242
0,50,4,integrator_leapfrog,0.07759952545166016,0.009837865829467773
0,50,5,integrator_leapfrog,0.03172492980957031,0.007142305374145508
0,100,1,integrator_leapfrog,0.04345226287841797,0.005839824676513672
0,100,2,integrator_leapfrog,0.03471827507019043,0.009262323379516602
0,100,3,integrator_leapfrog,0.030455827713012695,0.013717889785766602
0,100,4,integrator_leapfrog,0.04487299919128418,0.01970052719116211
0,100,5,integrator_leapfrog,0.036485910415649414,0.022142887115478516
0,150,1,integrator_leapfrog,0.04485940933227539,0.020351409912109375
0,150,2,integrator_leapfrog,0.14281773567199707,0.04700040817260742
0,150,3,integrator_leapfrog,0.15622425079345703,0.08516478538513184
0,150,4,integrator_leapfrog,0.1257610321044922,0.0819547176361084
0,150,5,integrator_leapfrog,0.1650984287261963,0.09955501556396484
0,200,1,integrator_leapfrog,0.06788825988769531,0.03774714469909668
0,200,2,integrator_leapfrog,0.0852203369140625,0.08090925216674805
0,200,3,integrator_leapfrog,0.194474458694458,0.13075923919677734
0,200,4,integrator_leapfrog,0.1518263816833496,0.14057517051696777
0,200,5,integrator_leapfrog,0.24850082397460938,0.2087709903717041
0,250,1,integrator_leapfrog,0.10906744003295898,0.06650257110595703
0,250,2,integrator_leapfrog,0.12084436416625977,0.1286001205444336
0,250,3,integrator_leapfrog,0.24273371696472168,0.19683361053466797
0,250,4,integrator_leapfrog,0.32953786849975586,0.23243188858032227
0,250,5,integrator_leapfrog,0.3234527111053467,0.38948678970336914
0,300,1,integrator_leapfrog,0.13350796699523926,0.08528757095336914
0,300,2,integrator_leapfrog,0.1394505500793457,0.1688394546508789
0,300,3,integrator_leapfrog,0.28891921043395996,0.285475492477417
0,300,4,integrator_leapfrog,0.3964099884033203,0.39186859130859375
0,300,5,integrator_leapfrog,0.36339783668518066,0.5480835437774658
0,50,1,integrator_leapfrog,0.03410172462463379,0.0020761489868164062
0,50,2,integrator_leapfrog,0.06831216812133789,0.0048980712890625
0,50,3,integrator_leapfrog,0.06587100028991699,0.011654138565063477
0,50,4,integrator_leapfrog,0.05648326873779297,0.012042999267578125
0,50,5,integrator_leapfrog,0.06183981895446777,0.01944875717163086
0,100,1,integrator_leapfrog,0.06238365173339844,0.01028752326965332
0,100,2,integrator_leapfrog,0.07273530960083008,0.018497228622436523
0,100,3,integrator_leapfrog,0.11486697196960449,0.05602717399597168
0,100,4,integrator_leapfrog,0.09426116943359375,0.06072354316711426
0,100,5,integrator_leapfrog,0.07118630409240723,0.07550287246704102
0,150,1,integrator_leapfrog,0.0706014633178711,0.03404831886291504
0,150,2,integrator_leapfrog,0.09945011138916016,0.06416010856628418
0,150,3,integrator_leapfrog,0.13547873497009277,0.06469440460205078
0,150,4,integrator_leapfrog,0.14405345916748047,0.08034110069274902
0,150,5,integrator_leapfrog,0.23443961143493652,0.12568306922912598
0,200,1,integrator_leapfrog,0.09096169471740723,0.03755784034729004
0,200,2,integrator_leapfrog,0.10927248001098633,0.07961130142211914
0,200,3,integrator_leapfrog,0.16361165046691895,0.11158084869384766
0,200,4,integrator_leapfrog,0.41884803771972656,0.33232831954956055
0,200,5,integrator_leapfrog,0.7437596321105957,0.7022778987884521
0,250,1,integrator_leapfrog,0.13124394416809082,0.07017827033996582
0,250,2,integrator_leapfrog,0.12593674659729004,0.12616372108459473
0,250,3,integrator_leapfrog,0.21081829071044922,0.2312629222869873
0,250,4,integrator_leapfrog,0.3146517276763916,0.2961008548736572
0,250,5,integrator_leapfrog,0.33383893966674805,0.35684895515441895
0,300,1,integrator_leapfrog,0.14357733726501465,0.09735727310180664
0,300,2,integrator_leapfrog,0.20814895629882812,0.2155313491821289
0,300,3,integrator_leapfrog,0.2968621253967285,0.28784847259521484
0,300,4,integrator_leapfrog,0.45792341232299805,0.35888051986694336
0,300,5,integrator_leapfrog,0.2695772647857666,0.3935074806213379
0,400,5,integrator_leapfrog,0.41827940940856934,0.4738645553588867
0,1000,5,integrator_leapfrog,1.5869965553283691,2.2304811477661133
0,800,5,integrator_leapfrog,1.453014850616455,2.131261110305786
0,800,5,integrator_leapfrog,1.5422346591949463,2.5505001544952393
0,800,5,integrator_leapfrog,0.9723122119903564,1.5495100021362305
0,100,5,integrator_leapfrog,0.08996248245239258,0.06736969947814941
0,300,5,integrator_leapfrog,0.22018766403198242,0.2995116710662842
0,50,1,integrator_leapfrog,0.0379948616027832,0.002045154571533203
0,50,2,integrator_leapfrog,0.02984023094177246,0.0035834312438964844
0,50,3,integrator_leapfrog,0.030016183853149414,0.005309343338012695
0,50,4,integrator_leapfrog,0.027133464813232422,0.004799365997314453
0,50,5,integrator_leapfrog,0.025247812271118164,0.006123065948486328
0,100,1,integrator_leapfrog,0.026438474655151367,0.004575490951538086
0,100,2,integrator_leapfrog,0.027956724166870117,0.008468866348266602
0,100,3,integrator_leapfrog,0.02706313133239746,0.01236724853515625
0,100,4,integrator_leapfrog,0.030760765075683594,0.016206026077270508
0,100,5,integrator_leapfrog,0.039136648178100586,0.02828240394592285
0,150,1,integrator_leapfrog,0.050971031188964844,0.015623331069946289
